{
  "type": "FeatureCollection",
  "features": [
    {
      "type": "Feature",
      "properties": {
        "nombre": "ALMOLOYA DE LAS GRANADAS",
        "cp": "51400",
        "area_ha": 29.0,
        "capa": "colonias",
        "estado_evidencia": "geometria_derivada_fuente_primaria_pendiente"
      },
      "geometry": {
        "type": "Polygon",
        "coordinates": [
          [
            [
              -100.134093,
              18.979479
            ],
            [
              -100.134007,
              18.97919
            ],
            [
              -100.133783,
              18.979183
            ],
            [
              -100.133657,
              18.979144
            ],
            [
              -100.133546,
              18.979167
            ],
            [
              -100.133314,
              18.979116
            ],
            [
              -100.13323,
              18.978852
            ],
            [
              -100.133268,
              18.978595
            ],
            [
              -100.133331,
              18.978461
            ],
            [
              -100.133393,
              18.978367
            ],
            [
              -100.133602,
              18.978222
            ],
            [
              -100.133133,
              18.977142
            ],
            [
              -100.132813,
              18.976676
            ],
            [
              -100.132826,
              18.976392
            ],
            [
              -100.133079,
              18.975483
            ],
            [
              -100.133067,
              18.974894
            ],
            [
              -100.13305,
              18.974415
            ],
            [
              -100.133073,
              18.974098
            ],
            [
              -100.133222,
              18.973987
            ],
            [
              -100.133416,
              18.973967
            ],
            [
              -100.133599,
              18.97392
            ],
            [
              -100.133666,
              18.973843
            ],
            [
              -100.133726,
              18.97365
            ],
            [
              -100.133762,
              18.973481
            ],
            [
              -100.133773,
              18.973206
            ],
            [
              -100.133705,
              18.972951
            ],
            [
              -100.133609,
              18.972961
            ],
            [
              -100.133393,
              18.972969
            ],
            [
              -100.132718,
              18.972737
            ],
            [
              -100.131822,
              18.972313
            ],
            [
              -100.130105,
              18.971338
            ],
            [
              -100.130022,
              18.970113
            ],
            [
              -100.130398,
              18.969784
            ],
            [
              -100.130406,
              18.969349
            ],
            [
              -100.130491,
              18.968835
            ],
            [
              -100.129542,
              18.967983
            ],
            [
              -100.130086,
              18.967333
            ],
            [
              -100.130761,
              18.96665
            ],
            [
              -100.13125,
              18.966194
            ],
            [
              -100.131482,
              18.966169
            ],
            [
              -100.131579,
              18.966354
            ],
            [
              -100.131541,
              18.966536
            ],
            [
              -100.131098,
              18.966856
            ],
            [
              -100.131073,
              18.966937
            ],
            [
              -100.131157,
              18.967147
            ],
            [
              -100.131431,
              18.96759
            ],
            [
              -100.131756,
              18.967995
            ],
            [
              -100.131895,
              18.968316
            ],
            [
              -100.131906,
              18.968381
            ],
            [
              -100.131916,
              18.968447
            ],
            [
              -100.131959,
              18.968632
            ],
            [
              -100.132216,
              18.969345
            ],
            [
              -100.131992,
              18.969733
            ],
            [
              -100.131887,
              18.969953
            ],
            [
              -100.13198,
              18.970201
            ],
            [
              -100.132977,
              18.970117
            ],
            [
              -100.133635,
              18.970174
            ],
            [
              -100.134004,
              18.970366
            ],
            [
              -100.134365,
              18.970746
            ],
            [
              -100.13466,
              18.97129
            ],
            [
              -100.134333,
              18.971699
            ],
            [
              -100.134295,
              18.972285
            ],
            [
              -100.134118,
              18.972632
            ],
            [
              -100.13394,
              18.972813
            ],
            [
              -100.133863,
              18.972861
            ],
            [
              -100.133919,
              18.972873
            ],
            [
              -100.134217,
              18.972901
            ],
            [
              -100.134591,
              18.973009
            ],
            [
              -100.134617,
              18.973227
            ],
            [
              -100.134409,
              18.97346
            ],
            [
              -100.134152,
              18.973634
            ],
            [
              -100.134118,
              18.973694
            ],
            [
              -100.134258,
              18.973853
            ],
            [
              -100.134457,
              18.973853
            ],
            [
              -100.134725,
              18.974239
            ],
            [
              -100.134853,
              18.974695
            ],
            [
              -100.134795,
              18.975414
            ],
            [
              -100.134403,
              18.975684
            ],
            [
              -100.134254,
              18.976059
            ],
            [
              -100.13434,
              18.976553
            ],
            [
              -100.13464,
              18.976963
            ],
            [
              -100.135094,
              18.977127
            ],
            [
              -100.135232,
              18.977443
            ],
            [
              -100.135295,
              18.977853
            ],
            [
              -100.135446,
              18.978103
            ],
            [
              -100.135559,
              18.978318
            ],
            [
              -100.135542,
              18.978509
            ],
            [
              -100.134836,
              18.978917
            ],
            [
              -100.134614,
              18.979196
            ],
            [
              -100.134179,
              18.979441
            ],
            [
              -100.134093,
              18.979479
            ]
          ]
        ]
      }
    },
    {
      "type": "Feature",
      "properties": {
        "nombre": "BEJUCOS",
        "cp": "51430",
        "area_ha": 117.7,
        "capa": "colonias",
        "estado_evidencia": "geometria_derivada_fuente_primaria_pendiente"
      },
      "geometry": {
        "type": "Polygon",
        "coordinates": [
          [
            [
              -100.42768,
              18.786599
            ],
            [
              -100.427278,
              18.786465
            ],
            [
              -100.427049,
              18.786316
            ],
            [
              -100.426942,
              18.786116
            ],
            [
              -100.426758,
              18.786011
            ],
            [
              -100.426582,
              18.78601
            ],
            [
              -100.426737,
              18.785008
            ],
            [
              -100.426608,
              18.78508
            ],
            [
              -100.426118,
              18.785316
            ],
            [
              -100.425898,
              18.785435
            ],
            [
              -100.425591,
              18.785548
            ],
            [
              -100.425255,
              18.785605
            ],
            [
              -100.425113,
              18.785592
            ],
            [
              -100.424759,
              18.78552
            ],
            [
              -100.423997,
              18.785029
            ],
            [
              -100.423437,
              18.784621
            ],
            [
              -100.42322,
              18.784486
            ],
            [
              -100.423062,
              18.78443
            ],
            [
              -100.422683,
              18.784373
            ],
            [
              -100.422158,
              18.784457
            ],
            [
              -100.421842,
              18.784557
            ],
            [
              -100.421633,
              18.784624
            ],
            [
              -100.421222,
              18.784713
            ],
            [
              -100.420847,
              18.784311
            ],
            [
              -100.420987,
              18.784188
            ],
            [
              -100.421077,
              18.784027
            ],
            [
              -100.421025,
              18.783908
            ],
            [
              -100.421268,
              18.783713
            ],
            [
              -100.421396,
              18.783512
            ],
            [
              -100.421451,
              18.783358
            ],
            [
              -100.421553,
              18.783253
            ],
            [
              -100.421724,
              18.78321
            ],
            [
              -100.421882,
              18.78304
            ],
            [
              -100.421999,
              18.782384
            ],
            [
              -100.422375,
              18.782046
            ],
            [
              -100.422403,
              18.78191
            ],
            [
              -100.422293,
              18.781778
            ],
            [
              -100.422516,
              18.781557
            ],
            [
              -100.422071,
              18.780666
            ],
            [
              -100.421821,
              18.780679
            ],
            [
              -100.42144,
              18.780546
            ],
            [
              -100.421571,
              18.78008
            ],
            [
              -100.421555,
              18.779467
            ],
            [
              -100.421886,
              18.778762
            ],
            [
              -100.4222,
              18.778924
            ],
            [
              -100.422539,
              18.779226
            ],
            [
              -100.422669,
              18.778914
            ],
            [
              -100.42279,
              18.778517
            ],
            [
              -100.423172,
              18.77857
            ],
            [
              -100.423517,
              18.778701
            ],
            [
              -100.424018,
              18.778783
            ],
            [
              -100.424296,
              18.778733
            ],
            [
              -100.424918,
              18.778333
            ],
            [
              -100.42461,
              18.778305
            ],
            [
              -100.424322,
              18.778278
            ],
            [
              -100.424037,
              18.778181
            ],
            [
              -100.423634,
              18.778066
            ],
            [
              -100.423112,
              18.7779
            ],
            [
              -100.422414,
              18.777693
            ],
            [
              -100.422639,
              18.777097
            ],
            [
              -100.423114,
              18.777201
            ],
            [
              -100.423108,
              18.776815
            ],
            [
              -100.423145,
              18.776593
            ],
            [
              -100.423195,
              18.77657
            ],
            [
              -100.42289,
              18.776505
            ],
            [
              -100.42256,
              18.776343
            ],
            [
              -100.421987,
              18.776179
            ],
            [
              -100.421646,
              18.776134
            ],
            [
              -100.421642,
              18.776176
            ],
            [
              -100.421708,
              18.776349
            ],
            [
              -100.421724,
              18.776462
            ],
            [
              -100.421668,
              18.776601
            ],
            [
              -100.421582,
              18.776719
            ],
            [
              -100.421326,
              18.776705
            ],
            [
              -100.421135,
              18.776648
            ],
            [
              -100.421053,
              18.776643
            ],
            [
              -100.420992,
              18.776681
            ],
            [
              -100.4208,
              18.776929
            ],
            [
              -100.420764,
              18.776999
            ],
            [
              -100.420756,
              18.777076
            ],
            [
              -100.420732,
              18.777197
            ],
            [
              -100.420676,
              18.777213
            ],
            [
              -100.420617,
              18.777206
            ],
            [
              -100.42056,
              18.777137
            ],
            [
              -100.420441,
              18.776966
            ],
            [
              -100.420293,
              18.776753
            ],
            [
              -100.420109,
              18.776581
            ],
            [
              -100.419959,
              18.776419
            ],
            [
              -100.419882,
              18.776329
            ],
            [
              -100.419819,
              18.776131
            ],
            [
              -100.419742,
              18.775955
            ],
            [
              -100.419751,
              18.775744
            ],
            [
              -100.419872,
              18.775114
            ],
            [
              -100.419985,
              18.775065
            ],
            [
              -100.420081,
              18.775071
            ],
            [
              -100.420171,
              18.775079
            ],
            [
              -100.420198,
              18.775113
            ],
            [
              -100.420242,
              18.775154
            ],
            [
              -100.420283,
              18.775174
            ],
            [
              -100.420319,
              18.775167
            ],
            [
              -100.420347,
              18.775141
            ],
            [
              -100.420374,
              18.774874
            ],
            [
              -100.420388,
              18.774841
            ],
            [
              -100.42016,
              18.774808
            ],
            [
              -100.420118,
              18.774418
            ],
            [
              -100.420025,
              18.774085
            ],
            [
              -100.420189,
              18.77391
            ],
            [
              -100.420315,
              18.773842
            ],
            [
              -100.420464,
              18.773803
            ],
            [
              -100.420612,
              18.773802
            ],
            [
              -100.420796,
              18.77381
            ],
            [
              -100.420976,
              18.773824
            ],
            [
              -100.421134,
              18.773856
            ],
            [
              -100.421215,
              18.773901
            ],
            [
              -100.421291,
              18.773975
            ],
            [
              -100.42134,
              18.774092
            ],
            [
              -100.421355,
              18.774235
            ],
            [
              -100.421369,
              18.77438
            ],
            [
              -100.421405,
              18.774498
            ],
            [
              -100.421516,
              18.774581
            ],
            [
              -100.421615,
              18.77466
            ],
            [
              -100.421819,
              18.774461
            ],
            [
              -100.422011,
              18.774295
            ],
            [
              -100.422145,
              18.774112
            ],
            [
              -100.422241,
              18.774056
            ],
            [
              -100.422464,
              18.773976
            ],
            [
              -100.422749,
              18.773925
            ],
            [
              -100.42317,
              18.773905
            ],
            [
              -100.423668,
              18.773918
            ],
            [
              -100.42427,
              18.773893
            ],
            [
              -100.42467,
              18.773921
            ],
            [
              -100.424821,
              18.773941
            ],
            [
              -100.425881,
              18.773793
            ],
            [
              -100.426245,
              18.774115
            ],
            [
              -100.426552,
              18.774346
            ],
            [
              -100.426912,
              18.774556
            ],
            [
              -100.427606,
              18.774676
            ],
            [
              -100.428229,
              18.774615
            ],
            [
              -100.428868,
              18.774614
            ],
            [
              -100.429028,
              18.774694
            ],
            [
              -100.429189,
              18.774774
            ],
            [
              -100.429641,
              18.774803
            ],
            [
              -100.429823,
              18.774815
            ],
            [
              -100.429957,
              18.774824
            ],
            [
              -100.430091,
              18.774833
            ],
            [
              -100.430349,
              18.774872
            ],
            [
              -100.430436,
              18.774886
            ],
            [
              -100.430518,
              18.774898
            ],
            [
              -100.430686,
              18.774924
            ],
            [
              -100.43097,
              18.775001
            ],
            [
              -100.431254,
              18.775078
            ],
            [
              -100.431928,
              18.77526
            ],
            [
              -100.43191,
              18.775645
            ],
            [
              -100.432027,
              18.776075
            ],
            [
              -100.431914,
              18.776471
            ],
            [
              -100.431465,
              18.777487
            ],
            [
              -100.431417,
              18.778295
            ],
            [
              -100.431425,
              18.778764
            ],
            [
              -100.431545,
              18.77875
            ],
            [
              -100.431217,
              18.77942
            ],
            [
              -100.430934,
              18.78009
            ],
            [
              -100.430612,
              18.780803
            ],
            [
              -100.430019,
              18.782448
            ],
            [
              -100.429839,
              18.783035
            ],
            [
              -100.429671,
              18.783728
            ],
            [
              -100.429654,
              18.783798
            ],
            [
              -100.429434,
              18.785152
            ],
            [
              -100.4293,
              18.784854
            ],
            [
              -100.428535,
              18.785514
            ],
            [
              -100.428377,
              18.785682
            ],
            [
              -100.428266,
              18.785837
            ],
            [
              -100.428188,
              18.785979
            ],
            [
              -100.428077,
              18.786153
            ],
            [
              -100.427913,
              18.786341
            ],
            [
              -100.427834,
              18.78642
            ],
            [
              -100.427641,
              18.786477
            ],
            [
              -100.42768,
              18.786599
            ]
          ]
        ]
      }
    },
    {
      "type": "Feature",
      "properties": {
        "nombre": "PUERTO DEL AIRE",
        "cp": "51426",
        "area_ha": 3.6,
        "capa": "colonias",
        "estado_evidencia": "geometria_derivada_fuente_primaria_pendiente"
      },
      "geometry": {
        "type": "Polygon",
        "coordinates": [
          [
            [
              -100.184048,
              18.827235
            ],
            [
              -100.183288,
              18.827163
            ],
            [
              -100.182692,
              18.826986
            ],
            [
              -100.182121,
              18.826892
            ],
            [
              -100.181623,
              18.826734
            ],
            [
              -100.182075,
              18.826398
            ],
            [
              -100.182226,
              18.82626
            ],
            [
              -100.182278,
              18.826107
            ],
            [
              -100.182202,
              18.82583
            ],
            [
              -100.182392,
              18.825429
            ],
            [
              -100.182155,
              18.825083
            ],
            [
              -100.182346,
              18.824968
            ],
            [
              -100.182547,
              18.824942
            ],
            [
              -100.182727,
              18.824913
            ],
            [
              -100.182784,
              18.824882
            ],
            [
              -100.182847,
              18.824787
            ],
            [
              -100.182902,
              18.824711
            ],
            [
              -100.18304,
              18.824783
            ],
            [
              -100.182984,
              18.824948
            ],
            [
              -100.182963,
              18.825198
            ],
            [
              -100.182977,
              18.82537
            ],
            [
              -100.183147,
              18.825498
            ],
            [
              -100.183461,
              18.82554
            ],
            [
              -100.183578,
              18.825723
            ],
            [
              -100.183753,
              18.826115
            ],
            [
              -100.183869,
              18.826453
            ],
            [
              -100.183914,
              18.826827
            ],
            [
              -100.184048,
              18.827235
            ]
          ]
        ]
      }
    },
    {
      "type": "Feature",
      "properties": {
        "nombre": "SAN MIGUEL IXTAPAN",
        "cp": "51426",
        "area_ha": 109.8,
        "capa": "colonias",
        "estado_evidencia": "geometria_derivada_fuente_primaria_pendiente"
      },
      "geometry": {
        "type": "Polygon",
        "coordinates": [
          [
            [
              -100.145298,
              18.814761
            ],
            [
              -100.144784,
              18.814676
            ],
            [
              -100.143319,
              18.81401
            ],
            [
              -100.143427,
              18.813683
            ],
            [
              -100.143559,
              18.813466
            ],
            [
              -100.143776,
              18.813257
            ],
            [
              -100.144477,
              18.812903
            ],
            [
              -100.144854,
              18.812704
            ],
            [
              -100.145058,
              18.812526
            ],
            [
              -100.145203,
              18.812248
            ],
            [
              -100.145314,
              18.811914
            ],
            [
              -100.14537,
              18.811764
            ],
            [
              -100.145475,
              18.811659
            ],
            [
              -100.145566,
              18.811571
            ],
            [
              -100.14579,
              18.811415
            ],
            [
              -100.146238,
              18.811162
            ],
            [
              -100.14619,
              18.811137
            ],
            [
              -100.145966,
              18.811195
            ],
            [
              -100.145834,
              18.810787
            ],
            [
              -100.145558,
              18.810033
            ],
            [
              -100.146105,
              18.809852
            ],
            [
              -100.145874,
              18.809189
            ],
            [
              -100.145779,
              18.808901
            ],
            [
              -100.14566,
              18.808625
            ],
            [
              -100.145553,
              18.808308
            ],
            [
              -100.145471,
              18.808065
            ],
            [
              -100.145343,
              18.807875
            ],
            [
              -100.144962,
              18.807523
            ],
            [
              -100.144931,
              18.807518
            ],
            [
              -100.144906,
              18.807395
            ],
            [
              -100.144802,
              18.807201
            ],
            [
              -100.144854,
              18.807113
            ],
            [
              -100.14492,
              18.806954
            ],
            [
              -100.14498,
              18.806771
            ],
            [
              -100.145117,
              18.806585
            ],
            [
              -100.145282,
              18.806344
            ],
            [
              -100.14543,
              18.80619
            ],
            [
              -100.145646,
              18.806009
            ],
            [
              -100.145846,
              18.805941
            ],
            [
              -100.145996,
              18.80596
            ],
            [
              -100.146242,
              18.806119
            ],
            [
              -100.146393,
              18.806163
            ],
            [
              -100.146546,
              18.806336
            ],
            [
              -100.146749,
              18.80646
            ],
            [
              -100.147086,
              18.806568
            ],
            [
              -100.147164,
              18.806567
            ],
            [
              -100.147306,
              18.806542
            ],
            [
              -100.147442,
              18.806388
            ],
            [
              -100.147602,
              18.806154
            ],
            [
              -100.147716,
              18.80585
            ],
            [
              -100.147742,
              18.80567
            ],
            [
              -100.147752,
              18.805407
            ],
            [
              -100.147661,
              18.805292
            ],
            [
              -100.147623,
              18.805191
            ],
            [
              -100.147639,
              18.805061
            ],
            [
              -100.147729,
              18.804991
            ],
            [
              -100.147879,
              18.804949
            ],
            [
              -100.148032,
              18.804946
            ],
            [
              -100.148188,
              18.804992
            ],
            [
              -100.148334,
              18.805049
            ],
            [
              -100.148513,
              18.805156
            ],
            [
              -100.148668,
              18.805226
            ],
            [
              -100.148758,
              18.805204
            ],
            [
              -100.148873,
              18.805256
            ],
            [
              -100.149122,
              18.805347
            ],
            [
              -100.149399,
              18.805355
            ],
            [
              -100.149622,
              18.805346
            ],
            [
              -100.149839,
              18.805366
            ],
            [
              -100.14998,
              18.8054
            ],
            [
              -100.150166,
              18.805387
            ],
            [
              -100.150343,
              18.805324
            ],
            [
              -100.150432,
              18.805267
            ],
            [
              -100.150568,
              18.805047
            ],
            [
              -100.15063,
              18.804966
            ],
            [
              -100.150671,
              18.804852
            ],
            [
              -100.150653,
              18.804735
            ],
            [
              -100.150719,
              18.804545
            ],
            [
              -100.150799,
              18.804413
            ],
            [
              -100.150878,
              18.804339
            ],
            [
              -100.151003,
              18.804364
            ],
            [
              -100.151246,
              18.804576
            ],
            [
              -100.151319,
              18.804627
            ],
            [
              -100.151469,
              18.804648
            ],
            [
              -100.151603,
              18.804646
            ],
            [
              -100.151736,
              18.80457
            ],
            [
              -100.151853,
              18.804471
            ],
            [
              -100.15197,
              18.804404
            ],
            [
              -100.15213,
              18.80439
            ],
            [
              -100.152259,
              18.804415
            ],
            [
              -100.152433,
              18.804505
            ],
            [
              -100.152605,
              18.804653
            ],
            [
              -100.152774,
              18.804748
            ],
            [
              -100.153,
              18.804801
            ],
            [
              -100.153171,
              18.804807
            ],
            [
              -100.153317,
              18.804774
            ],
            [
              -100.153392,
              18.804781
            ],
            [
              -100.153601,
              18.804861
            ],
            [
              -100.153723,
              18.804865
            ],
            [
              -100.154084,
              18.804755
            ],
            [
              -100.154299,
              18.804711
            ],
            [
              -100.154579,
              18.804765
            ],
            [
              -100.15507,
              18.804881
            ],
            [
              -100.155295,
              18.805022
            ],
            [
              -100.155617,
              18.805202
            ],
            [
              -100.155867,
              18.805302
            ],
            [
              -100.15605,
              18.80536
            ],
            [
              -100.156225,
              18.805357
            ],
            [
              -100.156499,
              18.805302
            ],
            [
              -100.156804,
              18.805353
            ],
            [
              -100.156972,
              18.805397
            ],
            [
              -100.157295,
              18.805517
            ],
            [
              -100.157528,
              18.805544
            ],
            [
              -100.157696,
              18.805549
            ],
            [
              -100.158,
              18.805497
            ],
            [
              -100.158199,
              18.805442
            ],
            [
              -100.158508,
              18.805497
            ],
            [
              -100.158718,
              18.805599
            ],
            [
              -100.158868,
              18.805629
            ],
            [
              -100.159042,
              18.805603
            ],
            [
              -100.159123,
              18.805546
            ],
            [
              -100.15926,
              18.805498
            ],
            [
              -100.159374,
              18.805394
            ],
            [
              -100.159437,
              18.805268
            ],
            [
              -100.159536,
              18.805151
            ],
            [
              -100.159707,
              18.804863
            ],
            [
              -100.159805,
              18.804668
            ],
            [
              -100.159928,
              18.80449
            ],
            [
              -100.160086,
              18.804601
            ],
            [
              -100.160162,
              18.804641
            ],
            [
              -100.160257,
              18.804653
            ],
            [
              -100.160344,
              18.804622
            ],
            [
              -100.160415,
              18.804568
            ],
            [
              -100.160491,
              18.80456
            ],
            [
              -100.160567,
              18.804577
            ],
            [
              -100.160636,
              18.804612
            ],
            [
              -100.160669,
              18.804662
            ],
            [
              -100.16067,
              18.804742
            ],
            [
              -100.160552,
              18.804999
            ],
            [
              -100.160539,
              18.805114
            ],
            [
              -100.160565,
              18.805207
            ],
            [
              -100.160622,
              18.805281
            ],
            [
              -100.160733,
              18.805372
            ],
            [
              -100.160783,
              18.805327
            ],
            [
              -100.160893,
              18.805436
            ],
            [
              -100.160691,
              18.805938
            ],
            [
              -100.160608,
              18.806486
            ],
            [
              -100.160511,
              18.806571
            ],
            [
              -100.160407,
              18.806594
            ],
            [
              -100.160315,
              18.80665
            ],
            [
              -100.160228,
              18.806721
            ],
            [
              -100.16014,
              18.806864
            ],
            [
              -100.160094,
              18.80697
            ],
            [
              -100.160106,
              18.807104
            ],
            [
              -100.16005,
              18.807348
            ],
            [
              -100.159937,
              18.8075
            ],
            [
              -100.159735,
              18.807666
            ],
            [
              -100.159585,
              18.807797
            ],
            [
              -100.159532,
              18.807875
            ],
            [
              -100.159398,
              18.808276
            ],
            [
              -100.159302,
              18.808412
            ],
            [
              -100.159191,
              18.808476
            ],
            [
              -100.159094,
              18.808513
            ],
            [
              -100.15897,
              18.808594
            ],
            [
              -100.158887,
              18.80867
            ],
            [
              -100.158772,
              18.808838
            ],
            [
              -100.158661,
              18.808893
            ],
            [
              -100.158553,
              18.808916
            ],
            [
              -100.158419,
              18.808923
            ],
            [
              -100.158265,
              18.8089
            ],
            [
              -100.158148,
              18.808866
            ],
            [
              -100.157986,
              18.80887
            ],
            [
              -100.15786,
              18.808867
            ],
            [
              -100.157757,
              18.809178
            ],
            [
              -100.157578,
              18.809383
            ],
            [
              -100.157448,
              18.809674
            ],
            [
              -100.157358,
              18.809996
            ],
            [
              -100.157727,
              18.810242
            ],
            [
              -100.158086,
              18.810596
            ],
            [
              -100.158225,
              18.810802
            ],
            [
              -100.158266,
              18.811026
            ],
            [
              -100.158378,
              18.811186
            ],
            [
              -100.158436,
              18.811278
            ],
            [
              -100.158429,
              18.81136
            ],
            [
              -100.158405,
              18.811607
            ],
            [
              -100.158376,
              18.811847
            ],
            [
              -100.158435,
              18.812178
            ],
            [
              -100.158403,
              18.812423
            ],
            [
              -100.158422,
              18.812645
            ],
            [
              -100.158373,
              18.812827
            ],
            [
              -100.158323,
              18.812926
            ],
            [
              -100.15826,
              18.813028
            ],
            [
              -100.158097,
              18.813032
            ],
            [
              -100.15799,
              18.812995
            ],
            [
              -100.157878,
              18.812918
            ],
            [
              -100.157784,
              18.812729
            ],
            [
              -100.157683,
              18.812644
            ],
            [
              -100.157582,
              18.812646
            ],
            [
              -100.157486,
              18.812575
            ],
            [
              -100.157388,
              18.812359
            ],
            [
              -100.157108,
              18.811998
            ],
            [
              -100.156863,
              18.811831
            ],
            [
              -100.156585,
              18.811763
            ],
            [
              -100.156594,
              18.811613
            ],
            [
              -100.156598,
              18.811511
            ],
            [
              -100.156571,
              18.811392
            ],
            [
              -100.15637,
              18.811135
            ],
            [
              -100.156169,
              18.811037
            ],
            [
              -100.155781,
              18.810932
            ],
            [
              -100.15547,
              18.810867
            ],
            [
              -100.155329,
              18.81084
            ],
            [
              -100.155294,
              18.811157
            ],
            [
              -100.155485,
              18.811517
            ],
            [
              -100.155202,
              18.811411
            ],
            [
              -100.15499,
              18.811491
            ],
            [
              -100.154822,
              18.811687
            ],
            [
              -100.15417,
              18.811312
            ],
            [
              -100.154055,
              18.811167
            ],
            [
              -100.15349,
              18.810962
            ],
            [
              -100.153472,
              18.811081
            ],
            [
              -100.153412,
              18.811323
            ],
            [
              -100.153299,
              18.811586
            ],
            [
              -100.153223,
              18.811666
            ],
            [
              -100.15315,
              18.811653
            ],
            [
              -100.153076,
              18.811687
            ],
            [
              -100.153011,
              18.811749
            ],
            [
              -100.152873,
              18.811759
            ],
            [
              -100.152786,
              18.811805
            ],
            [
              -100.152714,
              18.811802
            ],
            [
              -100.152654,
              18.811819
            ],
            [
              -100.152597,
              18.811814
            ],
            [
              -100.152523,
              18.811784
            ],
            [
              -100.152461,
              18.811766
            ],
            [
              -100.152359,
              18.811719
            ],
            [
              -100.152327,
              18.811673
            ],
            [
              -100.152288,
              18.811655
            ],
            [
              -100.152235,
              18.81165
            ],
            [
              -100.152184,
              18.811625
            ],
            [
              -100.152106,
              18.811556
            ],
            [
              -100.151694,
              18.811351
            ],
            [
              -100.151597,
              18.811487
            ],
            [
              -100.1515,
              18.811577
            ],
            [
              -100.151403,
              18.811679
            ],
            [
              -100.151327,
              18.811754
            ],
            [
              -100.151217,
              18.811805
            ],
            [
              -100.15109,
              18.811832
            ],
            [
              -100.15101,
              18.811867
            ],
            [
              -100.150892,
              18.811888
            ],
            [
              -100.150759,
              18.811844
            ],
            [
              -100.150666,
              18.811772
            ],
            [
              -100.150339,
              18.811519
            ],
            [
              -100.150074,
              18.811395
            ],
            [
              -100.14983,
              18.811365
            ],
            [
              -100.149701,
              18.811383
            ],
            [
              -100.149584,
              18.811381
            ],
            [
              -100.149485,
              18.811286
            ],
            [
              -100.149319,
              18.81124
            ],
            [
              -100.149164,
              18.811201
            ],
            [
              -100.14901,
              18.811125
            ],
            [
              -100.148918,
              18.811079
            ],
            [
              -100.148798,
              18.81098
            ],
            [
              -100.148712,
              18.810935
            ],
            [
              -100.148626,
              18.810891
            ],
            [
              -100.148596,
              18.81094
            ],
            [
              -100.148563,
              18.811032
            ],
            [
              -100.148554,
              18.811165
            ],
            [
              -100.148467,
              18.811184
            ],
            [
              -100.148345,
              18.811193
            ],
            [
              -100.148195,
              18.811201
            ],
            [
              -100.148036,
              18.811185
            ],
            [
              -100.147873,
              18.811101
            ],
            [
              -100.147755,
              18.811079
            ],
            [
              -100.147676,
              18.811037
            ],
            [
              -100.147599,
              18.811142
            ],
            [
              -100.1475,
              18.811135
            ],
            [
              -100.147451,
              18.811102
            ],
            [
              -100.147401,
              18.811106
            ],
            [
              -100.147071,
              18.812429
            ],
            [
              -100.147194,
              18.812799
            ],
            [
              -100.146897,
              18.813704
            ],
            [
              -100.146516,
              18.814029
            ],
            [
              -100.145984,
              18.814358
            ],
            [
              -100.145456,
              18.814561
            ],
            [
              -100.145298,
              18.814761
            ]
          ]
        ]
      }
    },
    {
      "type": "Feature",
      "properties": {
        "nombre": "RINCON DE UGARTE",
        "cp": "51400",
        "area_ha": 164.0,
        "capa": "colonias",
        "estado_evidencia": "geometria_derivada_fuente_primaria_pendiente"
      },
      "geometry": {
        "type": "Polygon",
        "coordinates": [
          [
            [
              -100.15115,
              18.941452
            ],
            [
              -100.150746,
              18.940353
            ],
            [
              -100.150161,
              18.940036
            ],
            [
              -100.149857,
              18.938806
            ],
            [
              -100.149899,
              18.938214
            ],
            [
              -100.149814,
              18.936925
            ],
            [
              -100.149714,
              18.936605
            ],
            [
              -100.149829,
              18.936273
            ],
            [
              -100.149896,
              18.936146
            ],
            [
              -100.149913,
              18.935851
            ],
            [
              -100.150121,
              18.935313
            ],
            [
              -100.150211,
              18.935139
            ],
            [
              -100.15027,
              18.934937
            ],
            [
              -100.149905,
              18.934938
            ],
            [
              -100.149383,
              18.934822
            ],
            [
              -100.149031,
              18.934793
            ],
            [
              -100.148618,
              18.93469
            ],
            [
              -100.148702,
              18.934318
            ],
            [
              -100.148696,
              18.934023
            ],
            [
              -100.148942,
              18.933369
            ],
            [
              -100.14946,
              18.933258
            ],
            [
              -100.149492,
              18.933045
            ],
            [
              -100.149486,
              18.932191
            ],
            [
              -100.149586,
              18.931816
            ],
            [
              -100.14957,
              18.931614
            ],
            [
              -100.149308,
              18.931299
            ],
            [
              -100.149205,
              18.930975
            ],
            [
              -100.148921,
              18.930579
            ],
            [
              -100.149036,
              18.929931
            ],
            [
              -100.149114,
              18.929729
            ],
            [
              -100.149208,
              18.929622
            ],
            [
              -100.149394,
              18.929525
            ],
            [
              -100.149446,
              18.929395
            ],
            [
              -100.149397,
              18.929147
            ],
            [
              -100.149335,
              18.929106
            ],
            [
              -100.14907,
              18.929128
            ],
            [
              -100.148839,
              18.929116
            ],
            [
              -100.148408,
              18.928979
            ],
            [
              -100.14825,
              18.928799
            ],
            [
              -100.148171,
              18.928618
            ],
            [
              -100.148188,
              18.928416
            ],
            [
              -100.148452,
              18.927856
            ],
            [
              -100.14853,
              18.927659
            ],
            [
              -100.148477,
              18.927631
            ],
            [
              -100.148446,
              18.927654
            ],
            [
              -100.148347,
              18.927833
            ],
            [
              -100.147986,
              18.928118
            ],
            [
              -100.147838,
              18.92808
            ],
            [
              -100.14772,
              18.927985
            ],
            [
              -100.14782,
              18.92776
            ],
            [
              -100.147902,
              18.927647
            ],
            [
              -100.147989,
              18.927474
            ],
            [
              -100.148061,
              18.926942
            ],
            [
              -100.14819,
              18.926731
            ],
            [
              -100.14842,
              18.926535
            ],
            [
              -100.148578,
              18.926384
            ],
            [
              -100.148682,
              18.926232
            ],
            [
              -100.148706,
              18.926055
            ],
            [
              -100.148728,
              18.925646
            ],
            [
              -100.148708,
              18.925368
            ],
            [
              -100.148736,
              18.925209
            ],
            [
              -100.148836,
              18.925091
            ],
            [
              -100.149057,
              18.924972
            ],
            [
              -100.149315,
              18.924899
            ],
            [
              -100.149562,
              18.924747
            ],
            [
              -100.149654,
              18.924606
            ],
            [
              -100.149685,
              18.924412
            ],
            [
              -100.149649,
              18.924234
            ],
            [
              -100.149534,
              18.924083
            ],
            [
              -100.148687,
              18.923368
            ],
            [
              -100.148755,
              18.92282
            ],
            [
              -100.148779,
              18.922635
            ],
            [
              -100.148767,
              18.922335
            ],
            [
              -100.149511,
              18.922232
            ],
            [
              -100.149592,
              18.922152
            ],
            [
              -100.149796,
              18.922114
            ],
            [
              -100.149771,
              18.921763
            ],
            [
              -100.15089,
              18.92159
            ],
            [
              -100.150965,
              18.921382
            ],
            [
              -100.151049,
              18.921376
            ],
            [
              -100.15141,
              18.921137
            ],
            [
              -100.154005,
              18.92114
            ],
            [
              -100.155298,
              18.921997
            ],
            [
              -100.156854,
              18.926375
            ],
            [
              -100.158009,
              18.931311
            ],
            [
              -100.154523,
              18.940387
            ],
            [
              -100.153626,
              18.94067
            ],
            [
              -100.153055,
              18.940794
            ],
            [
              -100.152877,
              18.940804
            ],
            [
              -100.15243,
              18.941269
            ],
            [
              -100.151747,
              18.941138
            ],
            [
              -100.151422,
              18.941287
            ],
            [
              -100.15115,
              18.941452
            ]
          ]
        ]
      }
    },
    {
      "type": "Feature",
      "properties": {
        "nombre": "ACAMUCHITLAN",
        "cp": "51400",
        "area_ha": 4.4,
        "capa": "colonias",
        "estado_evidencia": "geometria_derivada_fuente_primaria_pendiente"
      },
      "geometry": {
        "type": "Polygon",
        "coordinates": [
          [
            [
              -100.268349,
              18.837276
            ],
            [
              -100.267659,
              18.837119
            ],
            [
              -100.267525,
              18.837172
            ],
            [
              -100.26732,
              18.83718
            ],
            [
              -100.267012,
              18.837126
            ],
            [
              -100.266777,
              18.837
            ],
            [
              -100.266652,
              18.836868
            ],
            [
              -100.266603,
              18.836931
            ],
            [
              -100.266217,
              18.836902
            ],
            [
              -100.265958,
              18.83672
            ],
            [
              -100.26592,
              18.836432
            ],
            [
              -100.265994,
              18.836055
            ],
            [
              -100.266149,
              18.835689
            ],
            [
              -100.266409,
              18.835475
            ],
            [
              -100.266754,
              18.835429
            ],
            [
              -100.26814,
              18.836209
            ],
            [
              -100.268963,
              18.836514
            ],
            [
              -100.269189,
              18.836491
            ],
            [
              -100.26961,
              18.836498
            ],
            [
              -100.27,
              18.836651
            ],
            [
              -100.270085,
              18.836845
            ],
            [
              -100.269514,
              18.836832
            ],
            [
              -100.269098,
              18.836864
            ],
            [
              -100.268434,
              18.837036
            ],
            [
              -100.268349,
              18.837276
            ]
          ]
        ]
      }
    },
    {
      "type": "Feature",
      "properties": {
        "nombre": "LA LABOR DE ZARAGOZA",
        "cp": "51400",
        "area_ha": 88.9,
        "capa": "colonias",
        "estado_evidencia": "geometria_derivada_fuente_primaria_pendiente"
      },
      "geometry": {
        "type": "Polygon",
        "coordinates": [
          [
            [
              -100.096785,
              18.875517
            ],
            [
              -100.096624,
              18.875438
            ],
            [
              -100.0966,
              18.875286
            ],
            [
              -100.096307,
              18.874646
            ],
            [
              -100.096323,
              18.874514
            ],
            [
              -100.096219,
              18.874312
            ],
            [
              -100.096068,
              18.874204
            ],
            [
              -100.096061,
              18.874037
            ],
            [
              -100.096001,
              18.873924
            ],
            [
              -100.095793,
              18.873787
            ],
            [
              -100.095674,
              18.873328
            ],
            [
              -100.095671,
              18.873303
            ],
            [
              -100.095577,
              18.873302
            ],
            [
              -100.095419,
              18.873268
            ],
            [
              -100.095047,
              18.873322
            ],
            [
              -100.094883,
              18.873273
            ],
            [
              -100.094715,
              18.873234
            ],
            [
              -100.094112,
              18.873324
            ],
            [
              -100.093717,
              18.873413
            ],
            [
              -100.093369,
              18.873562
            ],
            [
              -100.092942,
              18.87383
            ],
            [
              -100.092632,
              18.873881
            ],
            [
              -100.092543,
              18.873622
            ],
            [
              -100.092516,
              18.873367
            ],
            [
              -100.09261,
              18.872959
            ],
            [
              -100.092698,
              18.872549
            ],
            [
              -100.092781,
              18.872292
            ],
            [
              -100.092811,
              18.871904
            ],
            [
              -100.092837,
              18.871728
            ],
            [
              -100.092982,
              18.871599
            ],
            [
              -100.093292,
              18.871501
            ],
            [
              -100.093522,
              18.871332
            ],
            [
              -100.093661,
              18.871169
            ],
            [
              -100.093762,
              18.871155
            ],
            [
              -100.094141,
              18.870792
            ],
            [
              -100.094523,
              18.870545
            ],
            [
              -100.094618,
              18.870275
            ],
            [
              -100.094805,
              18.870103
            ],
            [
              -100.095173,
              18.870032
            ],
            [
              -100.095248,
              18.869975
            ],
            [
              -100.095365,
              18.8696
            ],
            [
              -100.095423,
              18.869183
            ],
            [
              -100.095556,
              18.869005
            ],
            [
              -100.095553,
              18.868659
            ],
            [
              -100.0956,
              18.868485
            ],
            [
              -100.0956,
              18.868175
            ],
            [
              -100.09565,
              18.868026
            ],
            [
              -100.096098,
              18.867638
            ],
            [
              -100.096131,
              18.867555
            ],
            [
              -100.096095,
              18.86747
            ],
            [
              -100.096079,
              18.866945
            ],
            [
              -100.096159,
              18.866387
            ],
            [
              -100.096115,
              18.86616
            ],
            [
              -100.096029,
              18.865205
            ],
            [
              -100.096143,
              18.864901
            ],
            [
              -100.096646,
              18.864809
            ],
            [
              -100.097427,
              18.864443
            ],
            [
              -100.097474,
              18.86442
            ],
            [
              -100.097496,
              18.864409
            ],
            [
              -100.097769,
              18.864167
            ],
            [
              -100.097941,
              18.86394
            ],
            [
              -100.099148,
              18.863554
            ],
            [
              -100.100761,
              18.862979
            ],
            [
              -100.100827,
              18.86183
            ],
            [
              -100.100891,
              18.861348
            ],
            [
              -100.101468,
              18.861526
            ],
            [
              -100.10214,
              18.861944
            ],
            [
              -100.102183,
              18.862079
            ],
            [
              -100.102428,
              18.862131
            ],
            [
              -100.103067,
              18.862382
            ],
            [
              -100.102961,
              18.862434
            ],
            [
              -100.104988,
              18.864058
            ],
            [
              -100.104013,
              18.864534
            ],
            [
              -100.103745,
              18.865098
            ],
            [
              -100.103699,
              18.866225
            ],
            [
              -100.103191,
              18.866489
            ],
            [
              -100.102844,
              18.86733
            ],
            [
              -100.101486,
              18.868813
            ],
            [
              -100.10149,
              18.869155
            ],
            [
              -100.101431,
              18.869207
            ],
            [
              -100.101565,
              18.869394
            ],
            [
              -100.101542,
              18.86951
            ],
            [
              -100.101445,
              18.869668
            ],
            [
              -100.101557,
              18.869817
            ],
            [
              -100.10165,
              18.869863
            ],
            [
              -100.101735,
              18.869977
            ],
            [
              -100.101787,
              18.870155
            ],
            [
              -100.101921,
              18.870306
            ],
            [
              -100.101913,
              18.870376
            ],
            [
              -100.101962,
              18.870362
            ],
            [
              -100.101985,
              18.870439
            ],
            [
              -100.102033,
              18.870445
            ],
            [
              -100.102105,
              18.870526
            ],
            [
              -100.10215,
              18.87065
            ],
            [
              -100.102115,
              18.870817
            ],
            [
              -100.101255,
              18.871211
            ],
            [
              -100.101149,
              18.871175
            ],
            [
              -100.101051,
              18.871264
            ],
            [
              -100.100957,
              18.871457
            ],
            [
              -100.100984,
              18.871654
            ],
            [
              -100.100983,
              18.87194
            ],
            [
              -100.100064,
              18.872487
            ],
            [
              -100.098308,
              18.872809
            ],
            [
              -100.098077,
              18.873552
            ],
            [
              -100.096954,
              18.874866
            ],
            [
              -100.096785,
              18.875517
            ]
          ]
        ]
      }
    },
    {
      "type": "Feature",
      "properties": {
        "nombre": "SAN ANDRES OCOTEPEC",
        "cp": "51400",
        "area_ha": 38.0,
        "capa": "colonias",
        "estado_evidencia": "geometria_derivada_fuente_primaria_pendiente"
      },
      "geometry": {
        "type": "Polygon",
        "coordinates": [
          [
            [
              -100.044078,
              18.911315
            ],
            [
              -100.043912,
              18.911165
            ],
            [
              -100.043907,
              18.910973
            ],
            [
              -100.043942,
              18.91077
            ],
            [
              -100.044003,
              18.91056
            ],
            [
              -100.044012,
              18.910351
            ],
            [
              -100.043969,
              18.910231
            ],
            [
              -100.043968,
              18.910137
            ],
            [
              -100.044216,
              18.909767
            ],
            [
              -100.044399,
              18.909358
            ],
            [
              -100.044894,
              18.90835
            ],
            [
              -100.04502,
              18.908053
            ],
            [
              -100.045112,
              18.907692
            ],
            [
              -100.045321,
              18.907091
            ],
            [
              -100.045365,
              18.906853
            ],
            [
              -100.045387,
              18.906579
            ],
            [
              -100.045443,
              18.906364
            ],
            [
              -100.045554,
              18.906201
            ],
            [
              -100.045626,
              18.906097
            ],
            [
              -100.045694,
              18.90591
            ],
            [
              -100.045958,
              18.905377
            ],
            [
              -100.04613,
              18.905167
            ],
            [
              -100.046223,
              18.905021
            ],
            [
              -100.046287,
              18.904888
            ],
            [
              -100.046287,
              18.904817
            ],
            [
              -100.046054,
              18.904997
            ],
            [
              -100.045535,
              18.905384
            ],
            [
              -100.045545,
              18.904888
            ],
            [
              -100.045577,
              18.904546
            ],
            [
              -100.045655,
              18.904259
            ],
            [
              -100.045738,
              18.903988
            ],
            [
              -100.045845,
              18.903721
            ],
            [
              -100.045915,
              18.90368
            ],
            [
              -100.04551,
              18.903587
            ],
            [
              -100.0456,
              18.903418
            ],
            [
              -100.045663,
              18.903052
            ],
            [
              -100.046309,
              18.903193
            ],
            [
              -100.046285,
              18.903325
            ],
            [
              -100.046397,
              18.903255
            ],
            [
              -100.046616,
              18.903087
            ],
            [
              -100.047545,
              18.902875
            ],
            [
              -100.047645,
              18.902838
            ],
            [
              -100.047886,
              18.902939
            ],
            [
              -100.047962,
              18.902931
            ],
            [
              -100.048047,
              18.902912
            ],
            [
              -100.048128,
              18.902883
            ],
            [
              -100.048207,
              18.902842
            ],
            [
              -100.048333,
              18.902736
            ],
            [
              -100.048411,
              18.902686
            ],
            [
              -100.048574,
              18.90255
            ],
            [
              -100.048674,
              18.902497
            ],
            [
              -100.048844,
              18.902375
            ],
            [
              -100.04899,
              18.902277
            ],
            [
              -100.049175,
              18.90219
            ],
            [
              -100.049309,
              18.902091
            ],
            [
              -100.049491,
              18.901898
            ],
            [
              -100.049612,
              18.901749
            ],
            [
              -100.049787,
              18.901628
            ],
            [
              -100.04987,
              18.901601
            ],
            [
              -100.050015,
              18.901624
            ],
            [
              -100.050125,
              18.901605
            ],
            [
              -100.050265,
              18.901548
            ],
            [
              -100.050344,
              18.901502
            ],
            [
              -100.050528,
              18.90136
            ],
            [
              -100.050639,
              18.901324
            ],
            [
              -100.050953,
              18.901242
            ],
            [
              -100.051106,
              18.901227
            ],
            [
              -100.051271,
              18.901246
            ],
            [
              -100.05139,
              18.901269
            ],
            [
              -100.051506,
              18.901371
            ],
            [
              -100.051548,
              18.90146
            ],
            [
              -100.051591,
              18.901543
            ],
            [
              -100.051394,
              18.902023
            ],
            [
              -100.051361,
              18.902226
            ],
            [
              -100.05135,
              18.902464
            ],
            [
              -100.051331,
              18.902554
            ],
            [
              -100.051345,
              18.902634
            ],
            [
              -100.051373,
              18.902643
            ],
            [
              -100.051464,
              18.902545
            ],
            [
              -100.051618,
              18.902443
            ],
            [
              -100.051832,
              18.902375
            ],
            [
              -100.051918,
              18.902508
            ],
            [
              -100.051897,
              18.902787
            ],
            [
              -100.052032,
              18.903013
            ],
            [
              -100.052046,
              18.90319
            ],
            [
              -100.05189,
              18.903218
            ],
            [
              -100.051907,
              18.903302
            ],
            [
              -100.051988,
              18.903484
            ],
            [
              -100.051846,
              18.903714
            ],
            [
              -100.051804,
              18.903903
            ],
            [
              -100.051651,
              18.90398
            ],
            [
              -100.051557,
              18.904019
            ],
            [
              -100.051495,
              18.904117
            ],
            [
              -100.051462,
              18.904334
            ],
            [
              -100.051245,
              18.904431
            ],
            [
              -100.051078,
              18.904641
            ],
            [
              -100.050931,
              18.904774
            ],
            [
              -100.050919,
              18.904951
            ],
            [
              -100.05094,
              18.9051
            ],
            [
              -100.051059,
              18.90533
            ],
            [
              -100.051115,
              18.905507
            ],
            [
              -100.051161,
              18.905675
            ],
            [
              -100.051195,
              18.905684
            ],
            [
              -100.051229,
              18.905694
            ],
            [
              -100.051301,
              18.905701
            ],
            [
              -100.051387,
              18.90571
            ],
            [
              -100.051488,
              18.905798
            ],
            [
              -100.051567,
              18.905906
            ],
            [
              -100.05163,
              18.90602
            ],
            [
              -100.051697,
              18.906164
            ],
            [
              -100.051711,
              18.906264
            ],
            [
              -100.051727,
              18.906374
            ],
            [
              -100.051797,
              18.906523
            ],
            [
              -100.051832,
              18.906553
            ],
            [
              -100.0519,
              18.906567
            ],
            [
              -100.051966,
              18.906592
            ],
            [
              -100.052077,
              18.906586
            ],
            [
              -100.052242,
              18.906562
            ],
            [
              -100.052398,
              18.906567
            ],
            [
              -100.052542,
              18.906625
            ],
            [
              -100.05268,
              18.906728
            ],
            [
              -100.052817,
              18.906863
            ],
            [
              -100.052915,
              18.906974
            ],
            [
              -100.052955,
              18.907009
            ],
            [
              -100.053036,
              18.906988
            ],
            [
              -100.053076,
              18.90694
            ],
            [
              -100.053125,
              18.906821
            ],
            [
              -100.05319,
              18.906765
            ],
            [
              -100.053306,
              18.906721
            ],
            [
              -100.053437,
              18.906783
            ],
            [
              -100.053486,
              18.90693
            ],
            [
              -100.053558,
              18.907098
            ],
            [
              -100.053656,
              18.90713
            ],
            [
              -100.053812,
              18.907119
            ],
            [
              -100.053937,
              18.907149
            ],
            [
              -100.054114,
              18.907151
            ],
            [
              -100.054277,
              18.907147
            ],
            [
              -100.054408,
              18.907226
            ],
            [
              -100.054461,
              18.907307
            ],
            [
              -100.054371,
              18.907347
            ],
            [
              -100.05428,
              18.907317
            ],
            [
              -100.054212,
              18.907307
            ],
            [
              -100.054119,
              18.907342
            ],
            [
              -100.054005,
              18.907387
            ],
            [
              -100.053877,
              18.907412
            ],
            [
              -100.0538,
              18.907405
            ],
            [
              -100.053695,
              18.907426
            ],
            [
              -100.053621,
              18.90747
            ],
            [
              -100.053539,
              18.90754
            ],
            [
              -100.053451,
              18.907573
            ],
            [
              -100.053397,
              18.907536
            ],
            [
              -100.053348,
              18.907487
            ],
            [
              -100.053278,
              18.907419
            ],
            [
              -100.053185,
              18.907405
            ],
            [
              -100.053106,
              18.907463
            ],
            [
              -100.053022,
              18.90751
            ],
            [
              -100.052936,
              18.907552
            ],
            [
              -100.052852,
              18.907582
            ],
            [
              -100.052778,
              18.907589
            ],
            [
              -100.05268,
              18.907545
            ],
            [
              -100.052631,
              18.90747
            ],
            [
              -100.052566,
              18.907354
            ],
            [
              -100.05248,
              18.907266
            ],
            [
              -100.052372,
              18.907242
            ],
            [
              -100.052279,
              18.907247
            ],
            [
              -100.052161,
              18.907273
            ],
            [
              -100.052074,
              18.907314
            ],
            [
              -100.051993,
              18.907394
            ],
            [
              -100.051918,
              18.907475
            ],
            [
              -100.051837,
              18.907475
            ],
            [
              -100.051681,
              18.907354
            ],
            [
              -100.051504,
              18.907291
            ],
            [
              -100.051325,
              18.907179
            ],
            [
              -100.051194,
              18.907023
            ],
            [
              -100.051031,
              18.906886
            ],
            [
              -100.050959,
              18.906816
            ],
            [
              -100.050901,
              18.906756
            ],
            [
              -100.05086,
              18.906761
            ],
            [
              -100.050747,
              18.906898
            ],
            [
              -100.050663,
              18.906947
            ],
            [
              -100.0506,
              18.906948
            ],
            [
              -100.050554,
              18.906905
            ],
            [
              -100.050477,
              18.906837
            ],
            [
              -100.0504,
              18.906688
            ],
            [
              -100.050351,
              18.9066
            ],
            [
              -100.050274,
              18.906534
            ],
            [
              -100.0502,
              18.906504
            ],
            [
              -100.050072,
              18.906469
            ],
            [
              -100.049869,
              18.906411
            ],
            [
              -100.049771,
              18.906388
            ],
            [
              -100.049685,
              18.90635
            ],
            [
              -100.049622,
              18.906292
            ],
            [
              -100.04951,
              18.90618
            ],
            [
              -100.049417,
              18.90611
            ],
            [
              -100.049357,
              18.90608
            ],
            [
              -100.049305,
              18.90609
            ],
            [
              -100.049264,
              18.906136
            ],
            [
              -100.04925,
              18.906227
            ],
            [
              -100.049203,
              18.906416
            ],
            [
              -100.04914,
              18.906509
            ],
            [
              -100.048996,
              18.906516
            ],
            [
              -100.048772,
              18.90649
            ],
            [
              -100.048556,
              18.906476
            ],
            [
              -100.048367,
              18.906476
            ],
            [
              -100.048204,
              18.906464
            ],
            [
              -100.048127,
              18.906437
            ],
            [
              -100.048053,
              18.906418
            ],
            [
              -100.048001,
              18.906427
            ],
            [
              -100.047945,
              18.906471
            ],
            [
              -100.047734,
              18.906856
            ],
            [
              -100.04768,
              18.90696
            ],
            [
              -100.047612,
              18.907
            ],
            [
              -100.047545,
              18.906995
            ],
            [
              -100.04747,
              18.906988
            ],
            [
              -100.047424,
              18.906919
            ],
            [
              -100.047307,
              18.906767
            ],
            [
              -100.047019,
              18.906597
            ],
            [
              -100.046937,
              18.906607
            ],
            [
              -100.046811,
              18.906681
            ],
            [
              -100.046741,
              18.906742
            ],
            [
              -100.046648,
              18.906778
            ],
            [
              -100.046561,
              18.906778
            ],
            [
              -100.04653,
              18.906899
            ],
            [
              -100.046541,
              18.907048
            ],
            [
              -100.046488,
              18.907257
            ],
            [
              -100.04646,
              18.907441
            ],
            [
              -100.046509,
              18.907656
            ],
            [
              -100.046525,
              18.908035
            ],
            [
              -100.046539,
              18.908233
            ],
            [
              -100.046415,
              18.908389
            ],
            [
              -100.046332,
              18.908575
            ],
            [
              -100.046397,
              18.908766
            ],
            [
              -100.046409,
              18.909043
            ],
            [
              -100.046322,
              18.909242
            ],
            [
              -100.046164,
              18.909419
            ],
            [
              -100.046043,
              18.909386
            ],
            [
              -100.045929,
              18.909295
            ],
            [
              -100.045742,
              18.909316
            ],
            [
              -100.045451,
              18.909563
            ],
            [
              -100.044357,
              18.910962
            ],
            [
              -100.044138,
              18.911198
            ],
            [
              -100.044078,
              18.911315
            ]
          ]
        ]
      }
    },
    {
      "type": "Feature",
      "properties": {
        "nombre": "TENERIA",
        "cp": "51418",
        "area_ha": 484.5,
        "capa": "colonias",
        "estado_evidencia": "geometria_derivada_fuente_primaria_pendiente"
      },
      "geometry": {
        "type": "Polygon",
        "coordinates": [
          [
            [
              -100.096857,
              18.990435
            ],
            [
              -100.096613,
              18.99027
            ],
            [
              -100.096532,
              18.9902
            ],
            [
              -100.096144,
              18.990102
            ],
            [
              -100.095704,
              18.98973
            ],
            [
              -100.095275,
              18.989283
            ],
            [
              -100.094978,
              18.988952
            ],
            [
              -100.09474,
              18.988675
            ],
            [
              -100.094524,
              18.988505
            ],
            [
              -100.09443,
              18.988464
            ],
            [
              -100.09378,
              18.988316
            ],
            [
              -100.092989,
              18.988158
            ],
            [
              -100.092876,
              18.988128
            ],
            [
              -100.090894,
              18.988387
            ],
            [
              -100.090425,
              18.98852
            ],
            [
              -100.089812,
              18.988598
            ],
            [
              -100.089231,
              18.988564
            ],
            [
              -100.088824,
              18.988521
            ],
            [
              -100.08857,
              18.988452
            ],
            [
              -100.087185,
              18.987921
            ],
            [
              -100.086579,
              18.987358
            ],
            [
              -100.085327,
              18.98616
            ],
            [
              -100.084209,
              18.98502
            ],
            [
              -100.083405,
              18.984125
            ],
            [
              -100.082187,
              18.982694
            ],
            [
              -100.08111,
              18.98156
            ],
            [
              -100.079988,
              18.980371
            ],
            [
              -100.07813,
              18.978695
            ],
            [
              -100.076528,
              18.977396
            ],
            [
              -100.074425,
              18.975613
            ],
            [
              -100.075221,
              18.974892
            ],
            [
              -100.075576,
              18.974623
            ],
            [
              -100.076057,
              18.974392
            ],
            [
              -100.076402,
              18.974429
            ],
            [
              -100.076559,
              18.974317
            ],
            [
              -100.076762,
              18.974144
            ],
            [
              -100.078024,
              18.973595
            ],
            [
              -100.078123,
              18.973384
            ],
            [
              -100.078029,
              18.972682
            ],
            [
              -100.078006,
              18.972376
            ],
            [
              -100.078442,
              18.971495
            ],
            [
              -100.079065,
              18.970873
            ],
            [
              -100.079012,
              18.970741
            ],
            [
              -100.079003,
              18.970531
            ],
            [
              -100.079027,
              18.970232
            ],
            [
              -100.078949,
              18.970039
            ],
            [
              -100.078511,
              18.969488
            ],
            [
              -100.078547,
              18.969471
            ],
            [
              -100.078732,
              18.969247
            ],
            [
              -100.079363,
              18.968675
            ],
            [
              -100.079545,
              18.968528
            ],
            [
              -100.079668,
              18.96836
            ],
            [
              -100.079805,
              18.968139
            ],
            [
              -100.080224,
              18.967613
            ],
            [
              -100.080453,
              18.967508
            ],
            [
              -100.081381,
              18.967459
            ],
            [
              -100.081843,
              18.967429
            ],
            [
              -100.082163,
              18.967313
            ],
            [
              -100.082424,
              18.967148
            ],
            [
              -100.082488,
              18.967064
            ],
            [
              -100.082638,
              18.966884
            ],
            [
              -100.083056,
              18.966197
            ],
            [
              -100.084262,
              18.964096
            ],
            [
              -100.084114,
              18.962449
            ],
            [
              -100.084841,
              18.960913
            ],
            [
              -100.084153,
              18.957939
            ],
            [
              -100.084127,
              18.957685
            ],
            [
              -100.08418,
              18.957441
            ],
            [
              -100.084321,
              18.957276
            ],
            [
              -100.084615,
              18.957164
            ],
            [
              -100.084899,
              18.957131
            ],
            [
              -100.085269,
              18.957101
            ],
            [
              -100.085896,
              18.957058
            ],
            [
              -100.086381,
              18.957098
            ],
            [
              -100.086847,
              18.957197
            ],
            [
              -100.087216,
              18.957187
            ],
            [
              -100.087493,
              18.957041
            ],
            [
              -100.087682,
              18.956863
            ],
            [
              -100.088008,
              18.956556
            ],
            [
              -100.088315,
              18.95621
            ],
            [
              -100.088606,
              18.95614
            ],
            [
              -100.088827,
              18.956167
            ],
            [
              -100.089058,
              18.956299
            ],
            [
              -100.089279,
              18.956497
            ],
            [
              -100.0895,
              18.956688
            ],
            [
              -100.089721,
              18.956807
            ],
            [
              -100.089628,
              18.956965
            ],
            [
              -100.089588,
              18.957447
            ],
            [
              -100.089516,
              18.957877
            ],
            [
              -100.089775,
              18.95805
            ],
            [
              -100.090046,
              18.958295
            ],
            [
              -100.090157,
              18.958694
            ],
            [
              -100.090072,
              18.958909
            ],
            [
              -100.090116,
              18.959042
            ],
            [
              -100.090074,
              18.959299
            ],
            [
              -100.089841,
              18.959833
            ],
            [
              -100.089886,
              18.960212
            ],
            [
              -100.089974,
              18.960365
            ],
            [
              -100.089856,
              18.96055
            ],
            [
              -100.089664,
              18.960879
            ],
            [
              -100.089791,
              18.961307
            ],
            [
              -100.091121,
              18.961168
            ],
            [
              -100.091737,
              18.961503
            ],
            [
              -100.09183,
              18.961779
            ],
            [
              -100.091188,
              18.963094
            ],
            [
              -100.090474,
              18.963934
            ],
            [
              -100.090346,
              18.964489
            ],
            [
              -100.090296,
              18.965027
            ],
            [
              -100.091545,
              18.967953
            ],
            [
              -100.091876,
              18.968807
            ],
            [
              -100.092219,
              18.969442
            ],
            [
              -100.092212,
              18.969829
            ],
            [
              -100.092695,
              18.97049
            ],
            [
              -100.092862,
              18.970467
            ],
            [
              -100.093476,
              18.971428
            ],
            [
              -100.093838,
              18.971276
            ],
            [
              -100.095212,
              18.971193
            ],
            [
              -100.096168,
              18.971217
            ],
            [
              -100.096266,
              18.971645
            ],
            [
              -100.096673,
              18.971727
            ],
            [
              -100.096587,
              18.972981
            ],
            [
              -100.096647,
              18.973426
            ],
            [
              -100.096762,
              18.973695
            ],
            [
              -100.096682,
              18.974411
            ],
            [
              -100.096955,
              18.974963
            ],
            [
              -100.097921,
              18.975227
            ],
            [
              -100.099084,
              18.975179
            ],
            [
              -100.099825,
              18.975742
            ],
            [
              -100.099547,
              18.976607
            ],
            [
              -100.097218,
              18.977835
            ],
            [
              -100.096657,
              18.978183
            ],
            [
              -100.096556,
              18.97862
            ],
            [
              -100.095521,
              18.979862
            ],
            [
              -100.096394,
              18.980524
            ],
            [
              -100.097439,
              18.982025
            ],
            [
              -100.097391,
              18.982609
            ],
            [
              -100.097111,
              18.983243
            ],
            [
              -100.096908,
              18.983801
            ],
            [
              -100.096955,
              18.984332
            ],
            [
              -100.097132,
              18.984775
            ],
            [
              -100.097669,
              18.985356
            ],
            [
              -100.097749,
              18.985972
            ],
            [
              -100.097638,
              18.987461
            ],
            [
              -100.097225,
              18.988481
            ],
            [
              -100.097206,
              18.988689
            ],
            [
              -100.09732,
              18.988811
            ],
            [
              -100.097852,
              18.989273
            ],
            [
              -100.09794,
              18.989571
            ],
            [
              -100.098091,
              18.989978
            ],
            [
              -100.097938,
              18.990136
            ],
            [
              -100.097201,
              18.990161
            ],
            [
              -100.096857,
              18.990435
            ]
          ]
        ]
      }
    },
    {
      "type": "Feature",
      "properties": {
        "nombre": "PASO DE GUAYABAL",
        "cp": "51435",
        "area_ha": 3.9,
        "capa": "colonias",
        "estado_evidencia": "geometria_derivada_fuente_primaria_pendiente"
      },
      "geometry": {
        "type": "Polygon",
        "coordinates": [
          [
            [
              -100.379804,
              18.792812
            ],
            [
              -100.379418,
              18.792735
            ],
            [
              -100.379036,
              18.792653
            ],
            [
              -100.37822,
              18.792449
            ],
            [
              -100.378159,
              18.792434
            ],
            [
              -100.377314,
              18.792196
            ],
            [
              -100.377224,
              18.790937
            ],
            [
              -100.376853,
              18.790521
            ],
            [
              -100.376643,
              18.79032
            ],
            [
              -100.37696,
              18.790142
            ],
            [
              -100.377524,
              18.790332
            ],
            [
              -100.377878,
              18.790768
            ],
            [
              -100.378039,
              18.79158
            ],
            [
              -100.378103,
              18.791934
            ],
            [
              -100.37903,
              18.791714
            ],
            [
              -100.379231,
              18.791744
            ],
            [
              -100.379249,
              18.79166
            ],
            [
              -100.379679,
              18.791537
            ],
            [
              -100.379825,
              18.791457
            ],
            [
              -100.380035,
              18.791691
            ],
            [
              -100.379946,
              18.792126
            ],
            [
              -100.379804,
              18.792812
            ]
          ]
        ]
      }
    },
    {
      "type": "Feature",
      "properties": {
        "nombre": "TEJUPILCO DE HIDALGO",
        "cp": "51400",
        "area_ha": 1210.8,
        "capa": "colonias",
        "estado_evidencia": "geometria_derivada_fuente_primaria_pendiente"
      },
      "geometry": {
        "type": "Polygon",
        "coordinates": [
          [
            [
              -100.14172,
              18.934401
            ],
            [
              -100.141596,
              18.933872
            ],
            [
              -100.141449,
              18.933582
            ],
            [
              -100.141205,
              18.933399
            ],
            [
              -100.140625,
              18.933479
            ],
            [
              -100.140272,
              18.933727
            ],
            [
              -100.139934,
              18.933775
            ],
            [
              -100.139547,
              18.933777
            ],
            [
              -100.139208,
              18.933764
            ],
            [
              -100.13882,
              18.933582
            ],
            [
              -100.138449,
              18.933615
            ],
            [
              -100.13824,
              18.933739
            ],
            [
              -100.138015,
              18.933802
            ],
            [
              -100.137838,
              18.933926
            ],
            [
              -100.137742,
              18.934019
            ],
            [
              -100.137131,
              18.934207
            ],
            [
              -100.136583,
              18.934287
            ],
            [
              -100.135985,
              18.934137
            ],
            [
              -100.134965,
              18.933591
            ],
            [
              -100.134188,
              18.933104
            ],
            [
              -100.133605,
              18.932801
            ],
            [
              -100.132458,
              18.932455
            ],
            [
              -100.131701,
              18.932521
            ],
            [
              -100.131153,
              18.932616
            ],
            [
              -100.131097,
              18.932621
            ],
            [
              -100.130573,
              18.932666
            ],
            [
              -100.13025,
              18.932699
            ],
            [
              -100.129993,
              18.932869
            ],
            [
              -100.129833,
              18.93307
            ],
            [
              -100.129818,
              18.933116
            ],
            [
              -100.129811,
              18.933158
            ],
            [
              -100.129753,
              18.93314
            ],
            [
              -100.128645,
              18.932869
            ],
            [
              -100.127962,
              18.932631
            ],
            [
              -100.127512,
              18.932483
            ],
            [
              -100.12678,
              18.932094
            ],
            [
              -100.126268,
              18.931901
            ],
            [
              -100.125926,
              18.93159
            ],
            [
              -100.125546,
              18.931319
            ],
            [
              -100.125327,
              18.931189
            ],
            [
              -100.125181,
              18.931144
            ],
            [
              -100.124937,
              18.931041
            ],
            [
              -100.12429,
              18.930582
            ],
            [
              -100.123874,
              18.93018
            ],
            [
              -100.123313,
              18.929813
            ],
            [
              -100.122484,
              18.929402
            ],
            [
              -100.1219,
              18.928711
            ],
            [
              -100.119745,
              18.928222
            ],
            [
              -100.120312,
              18.927685
            ],
            [
              -100.12066,
              18.926598
            ],
            [
              -100.12079,
              18.925592
            ],
            [
              -100.120788,
              18.924917
            ],
            [
              -100.120895,
              18.924391
            ],
            [
              -100.121329,
              18.923876
            ],
            [
              -100.121983,
              18.92367
            ],
            [
              -100.122601,
              18.923716
            ],
            [
              -100.123182,
              18.923694
            ],
            [
              -100.123593,
              18.923465
            ],
            [
              -100.12416,
              18.922859
            ],
            [
              -100.124838,
              18.92263
            ],
            [
              -100.125333,
              18.92239
            ],
            [
              -100.126882,
              18.921842
            ],
            [
              -100.127357,
              18.922053
            ],
            [
              -100.127664,
              18.921912
            ],
            [
              -100.127802,
              18.921865
            ],
            [
              -100.127939,
              18.921818
            ],
            [
              -100.12828,
              18.921831
            ],
            [
              -100.128556,
              18.92183
            ],
            [
              -100.128734,
              18.921768
            ],
            [
              -100.128734,
              18.92172
            ],
            [
              -100.128734,
              18.921689
            ],
            [
              -100.128684,
              18.921566
            ],
            [
              -100.128667,
              18.921489
            ],
            [
              -100.128634,
              18.921428
            ],
            [
              -100.128585,
              18.921273
            ],
            [
              -100.12847,
              18.92112
            ],
            [
              -100.128323,
              18.920904
            ],
            [
              -100.128159,
              18.920782
            ],
            [
              -100.127866,
              18.920552
            ],
            [
              -100.12767,
              18.92046
            ],
            [
              -100.12763,
              18.920428
            ],
            [
              -100.127673,
              18.920422
            ],
            [
              -100.127888,
              18.920369
            ],
            [
              -100.12802,
              18.920333
            ],
            [
              -100.128198,
              18.920241
            ],
            [
              -100.128312,
              18.920144
            ],
            [
              -100.128397,
              18.919961
            ],
            [
              -100.128488,
              18.919839
            ],
            [
              -100.128597,
              18.919681
            ],
            [
              -100.128792,
              18.919549
            ],
            [
              -100.128892,
              18.919462
            ],
            [
              -100.129024,
              18.919304
            ],
            [
              -100.129324,
              18.919072
            ],
            [
              -100.129493,
              18.918958
            ],
            [
              -100.129684,
              18.918887
            ],
            [
              -100.129944,
              18.918811
            ],
            [
              -100.130245,
              18.918701
            ],
            [
              -100.130749,
              18.91875
            ],
            [
              -100.130991,
              18.918696
            ],
            [
              -100.131137,
              18.91863
            ],
            [
              -100.131246,
              18.918494
            ],
            [
              -100.131272,
              18.918359
            ],
            [
              -100.131546,
              18.918227
            ],
            [
              -100.132061,
              18.918059
            ],
            [
              -100.132459,
              18.918034
            ],
            [
              -100.132788,
              18.917989
            ],
            [
              -100.133149,
              18.91803
            ],
            [
              -100.133606,
              18.91798
            ],
            [
              -100.133972,
              18.917925
            ],
            [
              -100.1343,
              18.91784
            ],
            [
              -100.134743,
              18.917755
            ],
            [
              -100.134782,
              18.917747
            ],
            [
              -100.134878,
              18.91771
            ],
            [
              -100.135002,
              18.91772
            ],
            [
              -100.135174,
              18.917732
            ],
            [
              -100.135414,
              18.917782
            ],
            [
              -100.135558,
              18.917837
            ],
            [
              -100.135677,
              18.917917
            ],
            [
              -100.135742,
              18.917983
            ],
            [
              -100.135901,
              18.918084
            ],
            [
              -100.136036,
              18.918129
            ],
            [
              -100.136141,
              18.918185
            ],
            [
              -100.136251,
              18.918238
            ],
            [
              -100.136384,
              18.918334
            ],
            [
              -100.136512,
              18.91847
            ],
            [
              -100.136535,
              18.918469
            ],
            [
              -100.136528,
              18.918333
            ],
            [
              -100.136527,
              18.918225
            ],
            [
              -100.136546,
              18.918105
            ],
            [
              -100.136551,
              18.917978
            ],
            [
              -100.136523,
              18.917803
            ],
            [
              -100.136516,
              18.917764
            ],
            [
              -100.136515,
              18.917603
            ],
            [
              -100.136508,
              18.91748
            ],
            [
              -100.136505,
              18.917337
            ],
            [
              -100.136523,
              18.917206
            ],
            [
              -100.136571,
              18.917085
            ],
            [
              -100.136643,
              18.916948
            ],
            [
              -100.136718,
              18.916864
            ],
            [
              -100.136816,
              18.916783
            ],
            [
              -100.136884,
              18.916702
            ],
            [
              -100.136959,
              18.916603
            ],
            [
              -100.137082,
              18.916524
            ],
            [
              -100.137172,
              18.916489
            ],
            [
              -100.137214,
              18.916427
            ],
            [
              -100.137211,
              18.916357
            ],
            [
              -100.137205,
              18.916258
            ],
            [
              -100.137176,
              18.916188
            ],
            [
              -100.137122,
              18.916119
            ],
            [
              -100.137088,
              18.916055
            ],
            [
              -100.137064,
              18.915942
            ],
            [
              -100.137098,
              18.915851
            ],
            [
              -100.137151,
              18.915757
            ],
            [
              -100.137223,
              18.915662
            ],
            [
              -100.137245,
              18.915574
            ],
            [
              -100.137292,
              18.915445
            ],
            [
              -100.137277,
              18.915305
            ],
            [
              -100.137299,
              18.915171
            ],
            [
              -100.137295,
              18.915031
            ],
            [
              -100.137297,
              18.914935
            ],
            [
              -100.137333,
              18.914801
            ],
            [
              -100.137344,
              18.914699
            ],
            [
              -100.137329,
              18.914632
            ],
            [
              -100.137281,
              18.914551
            ],
            [
              -100.137229,
              18.914474
            ],
            [
              -100.137172,
              18.914402
            ],
            [
              -100.137124,
              18.914335
            ],
            [
              -100.137073,
              18.914284
            ],
            [
              -100.137016,
              18.914237
            ],
            [
              -100.136943,
              18.914194
            ],
            [
              -100.136884,
              18.914159
            ],
            [
              -100.136784,
              18.914107
            ],
            [
              -100.136688,
              18.914029
            ],
            [
              -100.136711,
              18.914025
            ],
            [
              -100.13676,
              18.914025
            ],
            [
              -100.136852,
              18.913978
            ],
            [
              -100.136985,
              18.913954
            ],
            [
              -100.137068,
              18.913917
            ],
            [
              -100.137196,
              18.913863
            ],
            [
              -100.137303,
              18.913834
            ],
            [
              -100.137429,
              18.913817
            ],
            [
              -100.13755,
              18.913761
            ],
            [
              -100.1377,
              18.913753
            ],
            [
              -100.137798,
              18.913776
            ],
            [
              -100.137973,
              18.913759
            ],
            [
              -100.1381,
              18.913719
            ],
            [
              -100.138222,
              18.913692
            ],
            [
              -100.138389,
              18.91362
            ],
            [
              -100.138484,
              18.913578
            ],
            [
              -100.138524,
              18.913483
            ],
            [
              -100.138546,
              18.913402
            ],
            [
              -100.138608,
              18.913269
            ],
            [
              -100.138656,
              18.913158
            ],
            [
              -100.138721,
              18.913079
            ],
            [
              -100.138754,
              18.912989
            ],
            [
              -100.138768,
              18.912862
            ],
            [
              -100.138774,
              18.91273
            ],
            [
              -100.138764,
              18.912612
            ],
            [
              -100.138768,
              18.912455
            ],
            [
              -100.138781,
              18.912337
            ],
            [
              -100.138781,
              18.912231
            ],
            [
              -100.13881,
              18.9121
            ],
            [
              -100.13883,
              18.911953
            ],
            [
              -100.13886,
              18.911798
            ],
            [
              -100.138934,
              18.911615
            ],
            [
              -100.138975,
              18.91152
            ],
            [
              -100.139011,
              18.911441
            ],
            [
              -100.139037,
              18.91136
            ],
            [
              -100.13907,
              18.911263
            ],
            [
              -100.139087,
              18.911186
            ],
            [
              -100.139096,
              18.911147
            ],
            [
              -100.139113,
              18.911084
            ],
            [
              -100.139173,
              18.910996
            ],
            [
              -100.139221,
              18.910897
            ],
            [
              -100.139334,
              18.910706
            ],
            [
              -100.139422,
              18.910539
            ],
            [
              -100.139545,
              18.910328
            ],
            [
              -100.139781,
              18.910031
            ],
            [
              -100.139918,
              18.909788
            ],
            [
              -100.139992,
              18.909662
            ],
            [
              -100.140037,
              18.909535
            ],
            [
              -100.140046,
              18.909398
            ],
            [
              -100.140033,
              18.909313
            ],
            [
              -100.140033,
              18.909191
            ],
            [
              -100.140024,
              18.90908
            ],
            [
              -100.140028,
              18.909071
            ],
            [
              -100.140023,
              18.908944
            ],
            [
              -100.139925,
              18.908878
            ],
            [
              -100.139843,
              18.908813
            ],
            [
              -100.139834,
              18.908697
            ],
            [
              -100.139833,
              18.908399
            ],
            [
              -100.139859,
              18.908245
            ],
            [
              -100.139796,
              18.908138
            ],
            [
              -100.139757,
              18.908025
            ],
            [
              -100.139744,
              18.90794
            ],
            [
              -100.139755,
              18.907857
            ],
            [
              -100.139762,
              18.907784
            ],
            [
              -100.139799,
              18.907719
            ],
            [
              -100.139854,
              18.907521
            ],
            [
              -100.139882,
              18.907398
            ],
            [
              -100.139906,
              18.907236
            ],
            [
              -100.139924,
              18.907155
            ],
            [
              -100.139952,
              18.907056
            ],
            [
              -100.140007,
              18.906967
            ],
            [
              -100.140087,
              18.906842
            ],
            [
              -100.140115,
              18.906803
            ],
            [
              -100.140148,
              18.906748
            ],
            [
              -100.140178,
              18.906679
            ],
            [
              -100.14019,
              18.906592
            ],
            [
              -100.140203,
              18.906494
            ],
            [
              -100.140216,
              18.906371
            ],
            [
              -100.140222,
              18.906235
            ],
            [
              -100.140229,
              18.905993
            ],
            [
              -100.140261,
              18.905767
            ],
            [
              -100.140314,
              18.905593
            ],
            [
              -100.140315,
              18.905567
            ],
            [
              -100.140337,
              18.905468
            ],
            [
              -100.140337,
              18.905411
            ],
            [
              -100.140334,
              18.905316
            ],
            [
              -100.140345,
              18.905241
            ],
            [
              -100.140331,
              18.90515
            ],
            [
              -100.140314,
              18.905038
            ],
            [
              -100.140292,
              18.904968
            ],
            [
              -100.140244,
              18.904768
            ],
            [
              -100.140229,
              18.904702
            ],
            [
              -100.140201,
              18.904609
            ],
            [
              -100.14018,
              18.904516
            ],
            [
              -100.14016,
              18.904399
            ],
            [
              -100.140124,
              18.904307
            ],
            [
              -100.140076,
              18.904176
            ],
            [
              -100.140023,
              18.904101
            ],
            [
              -100.140003,
              18.904049
            ],
            [
              -100.140004,
              18.903983
            ],
            [
              -100.140048,
              18.903885
            ],
            [
              -100.140175,
              18.903775
            ],
            [
              -100.140258,
              18.903683
            ],
            [
              -100.140385,
              18.903579
            ],
            [
              -100.140499,
              18.903427
            ],
            [
              -100.140714,
              18.90317
            ],
            [
              -100.140916,
              18.902938
            ],
            [
              -100.141062,
              18.902791
            ],
            [
              -100.141202,
              18.902614
            ],
            [
              -100.14129,
              18.902517
            ],
            [
              -100.141429,
              18.902267
            ],
            [
              -100.141588,
              18.902126
            ],
            [
              -100.141727,
              18.902034
            ],
            [
              -100.141937,
              18.901942
            ],
            [
              -100.142167,
              18.901849
            ],
            [
              -100.142281,
              18.901769
            ],
            [
              -100.142478,
              18.901703
            ],
            [
              -100.142606,
              18.901622
            ],
            [
              -100.142681,
              18.901494
            ],
            [
              -100.142885,
              18.901359
            ],
            [
              -100.143018,
              18.901236
            ],
            [
              -100.143184,
              18.901235
            ],
            [
              -100.143287,
              18.901368
            ],
            [
              -100.143403,
              18.901519
            ],
            [
              -100.143602,
              18.901658
            ],
            [
              -100.143826,
              18.901821
            ],
            [
              -100.144057,
              18.901977
            ],
            [
              -100.144326,
              18.902182
            ],
            [
              -100.144499,
              18.902278
            ],
            [
              -100.144588,
              18.902223
            ],
            [
              -100.144652,
              18.90215
            ],
            [
              -100.144741,
              18.902088
            ],
            [
              -100.144866,
              18.90198
            ],
            [
              -100.144956,
              18.901887
            ],
            [
              -100.145093,
              18.901915
            ],
            [
              -100.145168,
              18.901894
            ],
            [
              -100.145042,
              18.901819
            ],
            [
              -100.144589,
              18.901519
            ],
            [
              -100.144159,
              18.901189
            ],
            [
              -100.143895,
              18.901007
            ],
            [
              -100.143626,
              18.900896
            ],
            [
              -100.143169,
              18.900833
            ],
            [
              -100.142535,
              18.900846
            ],
            [
              -100.141926,
              18.900894
            ],
            [
              -100.14163,
              18.900912
            ],
            [
              -100.141093,
              18.900767
            ],
            [
              -100.140766,
              18.900635
            ],
            [
              -100.140482,
              18.900461
            ],
            [
              -100.140181,
              18.900198
            ],
            [
              -100.139922,
              18.899892
            ],
            [
              -100.139839,
              18.899782
            ],
            [
              -100.139582,
              18.89919
            ],
            [
              -100.139448,
              18.898225
            ],
            [
              -100.139429,
              18.89794
            ],
            [
              -100.139387,
              18.897492
            ],
            [
              -100.139282,
              18.896695
            ],
            [
              -100.139259,
              18.896574
            ],
            [
              -100.139215,
              18.896402
            ],
            [
              -100.139152,
              18.896257
            ],
            [
              -100.139093,
              18.896124
            ],
            [
              -100.138971,
              18.895956
            ],
            [
              -100.138782,
              18.895763
            ],
            [
              -100.13853,
              18.895556
            ],
            [
              -100.138181,
              18.895415
            ],
            [
              -100.137827,
              18.895285
            ],
            [
              -100.137493,
              18.895166
            ],
            [
              -100.136809,
              18.894909
            ],
            [
              -100.136448,
              18.89478
            ],
            [
              -100.13621,
              18.894691
            ],
            [
              -100.136019,
              18.894569
            ],
            [
              -100.135868,
              18.894452
            ],
            [
              -100.135717,
              18.894275
            ],
            [
              -100.135606,
              18.894088
            ],
            [
              -100.135496,
              18.893896
            ],
            [
              -100.135425,
              18.893586
            ],
            [
              -100.135406,
              18.893243
            ],
            [
              -100.135465,
              18.892673
            ],
            [
              -100.135528,
              18.891885
            ],
            [
              -100.135512,
              18.891509
            ],
            [
              -100.135787,
              18.89139
            ],
            [
              -100.135842,
              18.891167
            ],
            [
              -100.135818,
              18.89099
            ],
            [
              -100.135786,
              18.890921
            ],
            [
              -100.135684,
              18.890867
            ],
            [
              -100.135621,
              18.890778
            ],
            [
              -100.135651,
              18.890656
            ],
            [
              -100.135733,
              18.890546
            ],
            [
              -100.135867,
              18.890484
            ],
            [
              -100.135936,
              18.890344
            ],
            [
              -100.13603,
              18.890001
            ],
            [
              -100.136397,
              18.88989
            ],
            [
              -100.136809,
              18.88995
            ],
            [
              -100.137148,
              18.889879
            ],
            [
              -100.137446,
              18.889857
            ],
            [
              -100.137623,
              18.889782
            ],
            [
              -100.137784,
              18.889697
            ],
            [
              -100.137796,
              18.889591
            ],
            [
              -100.137796,
              18.88951
            ],
            [
              -100.137725,
              18.889458
            ],
            [
              -100.137692,
              18.889376
            ],
            [
              -100.137682,
              18.889272
            ],
            [
              -100.137714,
              18.889179
            ],
            [
              -100.137875,
              18.888929
            ],
            [
              -100.138261,
              18.888786
            ],
            [
              -100.138481,
              18.888762
            ],
            [
              -100.138651,
              18.888785
            ],
            [
              -100.138836,
              18.888786
            ],
            [
              -100.138934,
              18.888755
            ],
            [
              -100.139068,
              18.88868
            ],
            [
              -100.139294,
              18.888656
            ],
            [
              -100.139428,
              18.888654
            ],
            [
              -100.139546,
              18.888589
            ],
            [
              -100.139664,
              18.888562
            ],
            [
              -100.139776,
              18.888553
            ],
            [
              -100.13978,
              18.888633
            ],
            [
              -100.139813,
              18.888691
            ],
            [
              -100.139901,
              18.888642
            ],
            [
              -100.139944,
              18.888624
            ],
            [
              -100.140004,
              18.888595
            ],
            [
              -100.140079,
              18.888575
            ],
            [
              -100.140123,
              18.888598
            ],
            [
              -100.140178,
              18.888598
            ],
            [
              -100.140233,
              18.88858
            ],
            [
              -100.140294,
              18.888522
            ],
            [
              -100.140339,
              18.888434
            ],
            [
              -100.140407,
              18.888416
            ],
            [
              -100.140452,
              18.88844
            ],
            [
              -100.14047,
              18.888481
            ],
            [
              -100.140472,
              18.888539
            ],
            [
              -100.140525,
              18.888584
            ],
            [
              -100.140599,
              18.88862
            ],
            [
              -100.140708,
              18.888711
            ],
            [
              -100.140741,
              18.888755
            ],
            [
              -100.140831,
              18.888833
            ],
            [
              -100.14088,
              18.888848
            ],
            [
              -100.141006,
              18.888858
            ],
            [
              -100.141172,
              18.888885
            ],
            [
              -100.141347,
              18.888843
            ],
            [
              -100.141541,
              18.888835
            ],
            [
              -100.141668,
              18.888845
            ],
            [
              -100.141807,
              18.888872
            ],
            [
              -100.141912,
              18.888957
            ],
            [
              -100.14205,
              18.888984
            ],
            [
              -100.142142,
              18.889079
            ],
            [
              -100.142277,
              18.889138
            ],
            [
              -100.1425,
              18.889166
            ],
            [
              -100.142703,
              18.889181
            ],
            [
              -100.14303,
              18.889162
            ],
            [
              -100.143217,
              18.889181
            ],
            [
              -100.143385,
              18.88923
            ],
            [
              -100.143624,
              18.889246
            ],
            [
              -100.143805,
              18.889284
            ],
            [
              -100.144058,
              18.889297
            ],
            [
              -100.144204,
              18.889336
            ],
            [
              -100.144243,
              18.889389
            ],
            [
              -100.144336,
              18.889427
            ],
            [
              -100.144397,
              18.889427
            ],
            [
              -100.144453,
              18.88939
            ],
            [
              -100.144602,
              18.889422
            ],
            [
              -100.144747,
              18.889502
            ],
            [
              -100.144881,
              18.889605
            ],
            [
              -100.145033,
              18.889669
            ],
            [
              -100.14515,
              18.8897
            ],
            [
              -100.145457,
              18.889408
            ],
            [
              -100.145682,
              18.889259
            ],
            [
              -100.145838,
              18.88911
            ],
            [
              -100.145909,
              18.889038
            ],
            [
              -100.146029,
              18.889098
            ],
            [
              -100.146107,
              18.889193
            ],
            [
              -100.14626,
              18.889177
            ],
            [
              -100.146345,
              18.889152
            ],
            [
              -100.146392,
              18.889222
            ],
            [
              -100.146538,
              18.889324
            ],
            [
              -100.146743,
              18.889568
            ],
            [
              -100.146744,
              18.889674
            ],
            [
              -100.146812,
              18.889748
            ],
            [
              -100.147028,
              18.889766
            ],
            [
              -100.147104,
              18.889796
            ],
            [
              -100.147181,
              18.889862
            ],
            [
              -100.147352,
              18.889938
            ],
            [
              -100.147437,
              18.889963
            ],
            [
              -100.147524,
              18.889946
            ],
            [
              -100.147615,
              18.889885
            ],
            [
              -100.147714,
              18.889888
            ],
            [
              -100.147881,
              18.889949
            ],
            [
              -100.147985,
              18.889948
            ],
            [
              -100.148066,
              18.889977
            ],
            [
              -100.148181,
              18.889969
            ],
            [
              -100.148276,
              18.889915
            ],
            [
              -100.148381,
              18.889879
            ],
            [
              -100.148462,
              18.889804
            ],
            [
              -100.148485,
              18.889771
            ],
            [
              -100.148624,
              18.889769
            ],
            [
              -100.148672,
              18.889758
            ],
            [
              -100.148773,
              18.889781
            ],
            [
              -100.148827,
              18.889839
            ],
            [
              -100.148937,
              18.889856
            ],
            [
              -100.149033,
              18.889792
            ],
            [
              -100.149138,
              18.889741
            ],
            [
              -100.149203,
              18.889701
            ],
            [
              -100.149272,
              18.889742
            ],
            [
              -100.149331,
              18.889756
            ],
            [
              -100.149452,
              18.889733
            ],
            [
              -100.149521,
              18.889698
            ],
            [
              -100.149617,
              18.889681
            ],
            [
              -100.149737,
              18.889627
            ],
            [
              -100.149866,
              18.889529
            ],
            [
              -100.149991,
              18.889527
            ],
            [
              -100.150136,
              18.889622
            ],
            [
              -100.150238,
              18.889641
            ],
            [
              -100.150296,
              18.88971
            ],
            [
              -100.150286,
              18.889787
            ],
            [
              -100.150345,
              18.889851
            ],
            [
              -100.150467,
              18.889893
            ],
            [
              -100.150538,
              18.889846
            ],
            [
              -100.150617,
              18.889907
            ],
            [
              -100.150665,
              18.889986
            ],
            [
              -100.150839,
              18.890031
            ],
            [
              -100.150922,
              18.890119
            ],
            [
              -100.150958,
              18.890197
            ],
            [
              -100.151052,
              18.890292
            ],
            [
              -100.151122,
              18.890393
            ],
            [
              -100.15121,
              18.89046
            ],
            [
              -100.151208,
              18.890485
            ],
            [
              -100.151332,
              18.890669
            ],
            [
              -100.151493,
              18.890752
            ],
            [
              -100.151529,
              18.890769
            ],
            [
              -100.15156,
              18.890764
            ],
            [
              -100.151597,
              18.890767
            ],
            [
              -100.151666,
              18.890768
            ],
            [
              -100.151722,
              18.890787
            ],
            [
              -100.151764,
              18.890785
            ],
            [
              -100.151813,
              18.890778
            ],
            [
              -100.151859,
              18.890798
            ],
            [
              -100.151878,
              18.890846
            ],
            [
              -100.151909,
              18.890895
            ],
            [
              -100.151965,
              18.890919
            ],
            [
              -100.152009,
              18.890908
            ],
            [
              -100.152072,
              18.890896
            ],
            [
              -100.152092,
              18.890895
            ],
            [
              -100.152103,
              18.890905
            ],
            [
              -100.152127,
              18.890902
            ],
            [
              -100.152145,
              18.890893
            ],
            [
              -100.152165,
              18.890889
            ],
            [
              -100.15219,
              18.890894
            ],
            [
              -100.15229,
              18.890865
            ],
            [
              -100.152361,
              18.890825
            ],
            [
              -100.152402,
              18.890791
            ],
            [
              -100.152458,
              18.890711
            ],
            [
              -100.152488,
              18.890708
            ],
            [
              -100.152517,
              18.89073
            ],
            [
              -100.152549,
              18.890798
            ],
            [
              -100.152595,
              18.890858
            ],
            [
              -100.152639,
              18.890914
            ],
            [
              -100.152692,
              18.89096
            ],
            [
              -100.152763,
              18.890958
            ],
            [
              -100.152834,
              18.890971
            ],
            [
              -100.15297,
              18.890905
            ],
            [
              -100.153032,
              18.89072
            ],
            [
              -100.153178,
              18.890651
            ],
            [
              -100.153236,
              18.890563
            ],
            [
              -100.153342,
              18.890534
            ],
            [
              -100.153458,
              18.890501
            ],
            [
              -100.153628,
              18.89054
            ],
            [
              -100.153817,
              18.890612
            ],
            [
              -100.153923,
              18.890641
            ],
            [
              -100.154055,
              18.890527
            ],
            [
              -100.154174,
              18.890453
            ],
            [
              -100.154269,
              18.890384
            ],
            [
              -100.154415,
              18.890375
            ],
            [
              -100.154556,
              18.890445
            ],
            [
              -100.154705,
              18.890548
            ],
            [
              -100.155054,
              18.890679
            ],
            [
              -100.155288,
              18.890812
            ],
            [
              -100.155501,
              18.890964
            ],
            [
              -100.155797,
              18.891094
            ],
            [
              -100.155821,
              18.891144
            ],
            [
              -100.155808,
              18.891208
            ],
            [
              -100.155761,
              18.891342
            ],
            [
              -100.155762,
              18.891414
            ],
            [
              -100.155794,
              18.89145
            ],
            [
              -100.155823,
              18.89149
            ],
            [
              -100.15584,
              18.891544
            ],
            [
              -100.155901,
              18.891571
            ],
            [
              -100.155999,
              18.891591
            ],
            [
              -100.1561,
              18.891592
            ],
            [
              -100.156286,
              18.891593
            ],
            [
              -100.156362,
              18.891537
            ],
            [
              -100.156468,
              18.891513
            ],
            [
              -100.156505,
              18.891507
            ],
            [
              -100.156564,
              18.891518
            ],
            [
              -100.156622,
              18.891536
            ],
            [
              -100.156675,
              18.89152
            ],
            [
              -100.156717,
              18.891463
            ],
            [
              -100.156777,
              18.89207
            ],
            [
              -100.156734,
              18.892823
            ],
            [
              -100.156675,
              18.893404
            ],
            [
              -100.156814,
              18.89363
            ],
            [
              -100.156949,
              18.893912
            ],
            [
              -100.156999,
              18.894276
            ],
            [
              -100.156844,
              18.894817
            ],
            [
              -100.156655,
              18.895172
            ],
            [
              -100.156605,
              18.895576
            ],
            [
              -100.156469,
              18.89594
            ],
            [
              -100.15608,
              18.896438
            ],
            [
              -100.155702,
              18.897066
            ],
            [
              -100.155269,
              18.897322
            ],
            [
              -100.155027,
              18.897528
            ],
            [
              -100.154912,
              18.897966
            ],
            [
              -100.154787,
              18.898562
            ],
            [
              -100.154722,
              18.899044
            ],
            [
              -100.154806,
              18.899754
            ],
            [
              -100.154938,
              18.900235
            ],
            [
              -100.154996,
              18.900582
            ],
            [
              -100.155032,
              18.900814
            ],
            [
              -100.155008,
              18.900973
            ],
            [
              -100.155445,
              18.900971
            ],
            [
              -100.155797,
              18.901008
            ],
            [
              -100.155824,
              18.901027
            ],
            [
              -100.155882,
              18.901092
            ],
            [
              -100.156455,
              18.901185
            ],
            [
              -100.157027,
              18.901254
            ],
            [
              -100.157973,
              18.901358
            ],
            [
              -100.158295,
              18.901246
            ],
            [
              -100.158486,
              18.901191
            ],
            [
              -100.158835,
              18.901151
            ],
            [
              -100.159211,
              18.901218
            ],
            [
              -100.159519,
              18.901355
            ],
            [
              -100.159847,
              18.901548
            ],
            [
              -100.159925,
              18.901619
            ],
            [
              -100.160121,
              18.90182
            ],
            [
              -100.160206,
              18.901966
            ],
            [
              -100.160192,
              18.9022
            ],
            [
              -100.160115,
              18.902433
            ],
            [
              -100.159973,
              18.902512
            ],
            [
              -100.159768,
              18.90264
            ],
            [
              -100.159309,
              18.903014
            ],
            [
              -100.158916,
              18.903444
            ],
            [
              -100.158961,
              18.903543
            ],
            [
              -100.159168,
              18.90331
            ],
            [
              -100.159456,
              18.903076
            ],
            [
              -100.15962,
              18.90303
            ],
            [
              -100.159811,
              18.903022
            ],
            [
              -100.160014,
              18.903063
            ],
            [
              -100.160181,
              18.903112
            ],
            [
              -100.160556,
              18.903227
            ],
            [
              -100.160725,
              18.903273
            ],
            [
              -100.161274,
              18.903298
            ],
            [
              -100.162358,
              18.903326
            ],
            [
              -100.162559,
              18.903394
            ],
            [
              -100.161785,
              18.903811
            ],
            [
              -100.161596,
              18.903857
            ],
            [
              -100.161379,
              18.903849
            ],
            [
              -100.161116,
              18.903806
            ],
            [
              -100.160632,
              18.903713
            ],
            [
              -100.160487,
              18.903711
            ],
            [
              -100.16034,
              18.903737
            ],
            [
              -100.160164,
              18.903839
            ],
            [
              -100.160021,
              18.903986
            ],
            [
              -100.159934,
              18.904171
            ],
            [
              -100.159921,
              18.904381
            ],
            [
              -100.159958,
              18.904538
            ],
            [
              -100.160038,
              18.90467
            ],
            [
              -100.160209,
              18.904815
            ],
            [
              -100.160408,
              18.904909
            ],
            [
              -100.160603,
              18.905023
            ],
            [
              -100.160672,
              18.905097
            ],
            [
              -100.160746,
              18.905213
            ],
            [
              -100.16078,
              18.905376
            ],
            [
              -100.160769,
              18.905816
            ],
            [
              -100.161673,
              18.905883
            ],
            [
              -100.161806,
              18.906015
            ],
            [
              -100.162,
              18.90624
            ],
            [
              -100.162253,
              18.906283
            ],
            [
              -100.162537,
              18.906179
            ],
            [
              -100.16285,
              18.906082
            ],
            [
              -100.163158,
              18.906116
            ],
            [
              -100.163434,
              18.906158
            ],
            [
              -100.163626,
              18.906128
            ],
            [
              -100.163878,
              18.906031
            ],
            [
              -100.164254,
              18.906022
            ],
            [
              -100.164585,
              18.906115
            ],
            [
              -100.165077,
              18.906316
            ],
            [
              -100.16533,
              18.906322
            ],
            [
              -100.165969,
              18.906588
            ],
            [
              -100.166267,
              18.906462
            ],
            [
              -100.166719,
              18.906262
            ],
            [
              -100.166902,
              18.906188
            ],
            [
              -100.167001,
              18.90599
            ],
            [
              -100.167177,
              18.906055
            ],
            [
              -100.167355,
              18.906258
            ],
            [
              -100.167633,
              18.906526
            ],
            [
              -100.167803,
              18.906701
            ],
            [
              -100.16805,
              18.906809
            ],
            [
              -100.168196,
              18.906954
            ],
            [
              -100.168398,
              18.907186
            ],
            [
              -100.168644,
              18.907352
            ],
            [
              -100.168775,
              18.907439
            ],
            [
              -100.168953,
              18.90765
            ],
            [
              -100.169077,
              18.90781
            ],
            [
              -100.169208,
              18.907838
            ],
            [
              -100.169484,
              18.90788
            ],
            [
              -100.169799,
              18.907944
            ],
            [
              -100.169882,
              18.907717
            ],
            [
              -100.169895,
              18.907403
            ],
            [
              -100.169979,
              18.907381
            ],
            [
              -100.17011,
              18.907424
            ],
            [
              -100.170339,
              18.907225
            ],
            [
              -100.170377,
              18.90713
            ],
            [
              -100.170607,
              18.907165
            ],
            [
              -100.170741,
              18.907157
            ],
            [
              -100.170903,
              18.90702
            ],
            [
              -100.170947,
              18.907028
            ],
            [
              -100.171063,
              18.907046
            ],
            [
              -100.171192,
              18.907063
            ],
            [
              -100.171373,
              18.90708
            ],
            [
              -100.171508,
              18.907095
            ],
            [
              -100.171785,
              18.90713
            ],
            [
              -100.171977,
              18.907134
            ],
            [
              -100.172112,
              18.907185
            ],
            [
              -100.172247,
              18.907273
            ],
            [
              -100.172377,
              18.907338
            ],
            [
              -100.172514,
              18.907379
            ],
            [
              -100.172658,
              18.90744
            ],
            [
              -100.172947,
              18.907546
            ],
            [
              -100.172994,
              18.907608
            ],
            [
              -100.172852,
              18.907734
            ],
            [
              -100.172728,
              18.907783
            ],
            [
              -100.172628,
              18.907976
            ],
            [
              -100.172535,
              18.908122
            ],
            [
              -100.172436,
              18.908308
            ],
            [
              -100.17228,
              18.908658
            ],
            [
              -100.17218,
              18.908873
            ],
            [
              -100.172055,
              18.909064
            ],
            [
              -100.172021,
              18.909134
            ],
            [
              -100.171988,
              18.909205
            ],
            [
              -100.171903,
              18.909269
            ],
            [
              -100.171891,
              18.909282
            ],
            [
              -100.171878,
              18.909296
            ],
            [
              -100.171852,
              18.909323
            ],
            [
              -100.171713,
              18.90938
            ],
            [
              -100.171549,
              18.909425
            ],
            [
              -100.171397,
              18.909472
            ],
            [
              -100.171282,
              18.909544
            ],
            [
              -100.171158,
              18.909611
            ],
            [
              -100.170912,
              18.909697
            ],
            [
              -100.170732,
              18.909729
            ],
            [
              -100.170633,
              18.909799
            ],
            [
              -100.170559,
              18.90993
            ],
            [
              -100.170517,
              18.910094
            ],
            [
              -100.170448,
              18.910268
            ],
            [
              -100.170363,
              18.910358
            ],
            [
              -100.170267,
              18.910418
            ],
            [
              -100.170149,
              18.910508
            ],
            [
              -100.170012,
              18.910573
            ],
            [
              -100.169917,
              18.910642
            ],
            [
              -100.169865,
              18.910704
            ],
            [
              -100.169823,
              18.910801
            ],
            [
              -100.169829,
              18.910878
            ],
            [
              -100.169825,
              18.911016
            ],
            [
              -100.169861,
              18.911238
            ],
            [
              -100.169895,
              18.911479
            ],
            [
              -100.169875,
              18.911694
            ],
            [
              -100.169839,
              18.911873
            ],
            [
              -100.169735,
              18.912007
            ],
            [
              -100.169612,
              18.912094
            ],
            [
              -100.16951,
              18.912161
            ],
            [
              -100.169387,
              18.912252
            ],
            [
              -100.169286,
              18.912347
            ],
            [
              -100.169251,
              18.912429
            ],
            [
              -100.169228,
              18.912526
            ],
            [
              -100.169191,
              18.912621
            ],
            [
              -100.1692,
              18.912716
            ],
            [
              -100.16927,
              18.912825
            ],
            [
              -100.1694,
              18.912942
            ],
            [
              -100.169538,
              18.913138
            ],
            [
              -100.169604,
              18.913335
            ],
            [
              -100.169654,
              18.913565
            ],
            [
              -100.169654,
              18.913956
            ],
            [
              -100.169566,
              18.913997
            ],
            [
              -100.169457,
              18.914159
            ],
            [
              -100.169453,
              18.914323
            ],
            [
              -100.169456,
              18.914492
            ],
            [
              -100.169444,
              18.91465
            ],
            [
              -100.169427,
              18.914914
            ],
            [
              -100.169463,
              18.915108
            ],
            [
              -100.169467,
              18.915203
            ],
            [
              -100.168508,
              18.915041
            ],
            [
              -100.167864,
              18.91488
            ],
            [
              -100.167187,
              18.91475
            ],
            [
              -100.166673,
              18.914759
            ],
            [
              -100.166116,
              18.914738
            ],
            [
              -100.165748,
              18.914722
            ],
            [
              -100.165059,
              18.914693
            ],
            [
              -100.164892,
              18.914707
            ],
            [
              -100.164563,
              18.914582
            ],
            [
              -100.164334,
              18.914418
            ],
            [
              -100.164139,
              18.91433
            ],
            [
              -100.163964,
              18.914184
            ],
            [
              -100.163824,
              18.914153
            ],
            [
              -100.163623,
              18.914129
            ],
            [
              -100.162814,
              18.914249
            ],
            [
              -100.162505,
              18.914206
            ],
            [
              -100.162259,
              18.914322
            ],
            [
              -100.162072,
              18.914445
            ],
            [
              -100.161833,
              18.91465
            ],
            [
              -100.161594,
              18.914925
            ],
            [
              -100.161508,
              18.915168
            ],
            [
              -100.161437,
              18.915589
            ],
            [
              -100.161255,
              18.91631
            ],
            [
              -100.161171,
              18.916674
            ],
            [
              -100.161097,
              18.917082
            ],
            [
              -100.16111,
              18.91731
            ],
            [
              -100.161033,
              18.917625
            ],
            [
              -100.161025,
              18.917659
            ],
            [
              -100.160921,
              18.917818
            ],
            [
              -100.160648,
              18.918395
            ],
            [
              -100.160195,
              18.918782
            ],
            [
              -100.159522,
              18.919032
            ],
            [
              -100.15895,
              18.919188
            ],
            [
              -100.158563,
              18.919389
            ],
            [
              -100.158497,
              18.919646
            ],
            [
              -100.157967,
              18.91972
            ],
            [
              -100.157685,
              18.920056
            ],
            [
              -100.15744,
              18.920221
            ],
            [
              -100.157233,
              18.920278
            ],
            [
              -100.157005,
              18.920778
            ],
            [
              -100.156524,
              18.92104
            ],
            [
              -100.156119,
              18.921047
            ],
            [
              -100.155544,
              18.92059
            ],
            [
              -100.15405,
              18.920032
            ],
            [
              -100.15399,
              18.917621
            ],
            [
              -100.15356,
              18.91797
            ],
            [
              -100.153176,
              18.918237
            ],
            [
              -100.15284,
              18.918476
            ],
            [
              -100.152413,
              18.918529
            ],
            [
              -100.152022,
              18.918549
            ],
            [
              -100.151564,
              18.918422
            ],
            [
              -100.151923,
              18.918866
            ],
            [
              -100.151889,
              18.919415
            ],
            [
              -100.151766,
              18.920429
            ],
            [
              -100.15141,
              18.921137
            ],
            [
              -100.151049,
              18.921376
            ],
            [
              -100.150965,
              18.921382
            ],
            [
              -100.15089,
              18.92159
            ],
            [
              -100.149771,
              18.921763
            ],
            [
              -100.149796,
              18.922114
            ],
            [
              -100.149592,
              18.922152
            ],
            [
              -100.149511,
              18.922232
            ],
            [
              -100.148767,
              18.922335
            ],
            [
              -100.148779,
              18.922635
            ],
            [
              -100.148755,
              18.92282
            ],
            [
              -100.148687,
              18.923368
            ],
            [
              -100.149534,
              18.924083
            ],
            [
              -100.149649,
              18.924234
            ],
            [
              -100.149685,
              18.924412
            ],
            [
              -100.149654,
              18.924606
            ],
            [
              -100.149562,
              18.924747
            ],
            [
              -100.149315,
              18.924899
            ],
            [
              -100.149057,
              18.924972
            ],
            [
              -100.148836,
              18.925091
            ],
            [
              -100.148736,
              18.925209
            ],
            [
              -100.148708,
              18.925368
            ],
            [
              -100.148728,
              18.925646
            ],
            [
              -100.148706,
              18.926055
            ],
            [
              -100.148682,
              18.926232
            ],
            [
              -100.148578,
              18.926384
            ],
            [
              -100.14842,
              18.926535
            ],
            [
              -100.14819,
              18.926731
            ],
            [
              -100.148061,
              18.926942
            ],
            [
              -100.147989,
              18.927474
            ],
            [
              -100.147902,
              18.927647
            ],
            [
              -100.14782,
              18.92776
            ],
            [
              -100.14766,
              18.927864
            ],
            [
              -100.147345,
              18.928015
            ],
            [
              -100.14722,
              18.928137
            ],
            [
              -100.147153,
              18.928296
            ],
            [
              -100.147152,
              18.928518
            ],
            [
              -100.147196,
              18.928688
            ],
            [
              -100.147383,
              18.929011
            ],
            [
              -100.147446,
              18.929124
            ],
            [
              -100.147575,
              18.929443
            ],
            [
              -100.147716,
              18.929718
            ],
            [
              -100.147841,
              18.929974
            ],
            [
              -100.147881,
              18.930173
            ],
            [
              -100.147956,
              18.930456
            ],
            [
              -100.148027,
              18.930583
            ],
            [
              -100.148117,
              18.930701
            ],
            [
              -100.148211,
              18.930871
            ],
            [
              -100.148349,
              18.931076
            ],
            [
              -100.148353,
              18.931243
            ],
            [
              -100.148299,
              18.93143
            ],
            [
              -100.148243,
              18.931543
            ],
            [
              -100.148222,
              18.931561
            ],
            [
              -100.148206,
              18.931575
            ],
            [
              -100.148138,
              18.931631
            ],
            [
              -100.148003,
              18.931745
            ],
            [
              -100.147762,
              18.931866
            ],
            [
              -100.147651,
              18.931776
            ],
            [
              -100.147547,
              18.9317
            ],
            [
              -100.147439,
              18.931606
            ],
            [
              -100.147366,
              18.931494
            ],
            [
              -100.147315,
              18.931363
            ],
            [
              -100.147302,
              18.931155
            ],
            [
              -100.147297,
              18.93097
            ],
            [
              -100.147262,
              18.930777
            ],
            [
              -100.147199,
              18.930632
            ],
            [
              -100.147137,
              18.93045
            ],
            [
              -100.147067,
              18.930326
            ],
            [
              -100.146932,
              18.930116
            ],
            [
              -100.146831,
              18.929898
            ],
            [
              -100.146683,
              18.9296
            ],
            [
              -100.146609,
              18.929346
            ],
            [
              -100.146532,
              18.929332
            ],
            [
              -100.146483,
              18.929474
            ],
            [
              -100.146489,
              18.929689
            ],
            [
              -100.146463,
              18.929824
            ],
            [
              -100.146494,
              18.929973
            ],
            [
              -100.146534,
              18.930115
            ],
            [
              -100.146581,
              18.930282
            ],
            [
              -100.14659,
              18.930508
            ],
            [
              -100.146633,
              18.930671
            ],
            [
              -100.14668,
              18.930831
            ],
            [
              -100.146612,
              18.931003
            ],
            [
              -100.146511,
              18.931219
            ],
            [
              -100.146431,
              18.93135
            ],
            [
              -100.146298,
              18.931416
            ],
            [
              -100.146122,
              18.931428
            ],
            [
              -100.14598,
              18.93148
            ],
            [
              -100.145866,
              18.931565
            ],
            [
              -100.145813,
              18.931653
            ],
            [
              -100.145814,
              18.931787
            ],
            [
              -100.14588,
              18.931922
            ],
            [
              -100.145916,
              18.932068
            ],
            [
              -100.14592,
              18.932133
            ],
            [
              -100.145931,
              18.932195
            ],
            [
              -100.145919,
              18.932248
            ],
            [
              -100.145897,
              18.932288
            ],
            [
              -100.145806,
              18.932354
            ],
            [
              -100.145723,
              18.932389
            ],
            [
              -100.145598,
              18.932438
            ],
            [
              -100.145532,
              18.932473
            ],
            [
              -100.145472,
              18.932539
            ],
            [
              -100.14546,
              18.932556
            ],
            [
              -100.145428,
              18.932682
            ],
            [
              -100.145427,
              18.932764
            ],
            [
              -100.145407,
              18.932806
            ],
            [
              -100.145362,
              18.932813
            ],
            [
              -100.145275,
              18.932791
            ],
            [
              -100.145156,
              18.93278
            ],
            [
              -100.145045,
              18.932773
            ],
            [
              -100.144939,
              18.932791
            ],
            [
              -100.144809,
              18.932808
            ],
            [
              -100.144717,
              18.932825
            ],
            [
              -100.14452,
              18.932921
            ],
            [
              -100.144411,
              18.93302
            ],
            [
              -100.144274,
              18.933072
            ],
            [
              -100.144086,
              18.933117
            ],
            [
              -100.143987,
              18.933171
            ],
            [
              -100.143877,
              18.933206
            ],
            [
              -100.143758,
              18.933212
            ],
            [
              -100.143559,
              18.933252
            ],
            [
              -100.143447,
              18.933255
            ],
            [
              -100.143378,
              18.933269
            ],
            [
              -100.143374,
              18.933309
            ],
            [
              -100.143263,
              18.933563
            ],
            [
              -100.143167,
              18.933709
            ],
            [
              -100.142983,
              18.933894
            ],
            [
              -100.142791,
              18.934064
            ],
            [
              -100.142598,
              18.93415
            ],
            [
              -100.142381,
              18.934305
            ],
            [
              -100.142163,
              18.934352
            ],
            [
              -100.141954,
              18.934384
            ],
            [
              -100.141785,
              18.934355
            ],
            [
              -100.14172,
              18.934401
            ]
          ]
        ]
      }
    },
    {
      "type": "Feature",
      "properties": {
        "nombre": "RINCON DE JAIMES",
        "cp": "51400",
        "area_ha": 62.1,
        "capa": "colonias",
        "estado_evidencia": "geometria_derivada_fuente_primaria_pendiente"
      },
      "geometry": {
        "type": "Polygon",
        "coordinates": [
          [
            [
              -100.158961,
              18.903543
            ],
            [
              -100.158916,
              18.903444
            ],
            [
              -100.159309,
              18.903014
            ],
            [
              -100.159768,
              18.90264
            ],
            [
              -100.159973,
              18.902512
            ],
            [
              -100.160115,
              18.902433
            ],
            [
              -100.160192,
              18.9022
            ],
            [
              -100.160206,
              18.901966
            ],
            [
              -100.160121,
              18.90182
            ],
            [
              -100.159925,
              18.901619
            ],
            [
              -100.159847,
              18.901548
            ],
            [
              -100.159519,
              18.901355
            ],
            [
              -100.159211,
              18.901218
            ],
            [
              -100.158835,
              18.901151
            ],
            [
              -100.158486,
              18.901191
            ],
            [
              -100.158295,
              18.901246
            ],
            [
              -100.157973,
              18.901358
            ],
            [
              -100.157027,
              18.901254
            ],
            [
              -100.156455,
              18.901185
            ],
            [
              -100.155882,
              18.901092
            ],
            [
              -100.155824,
              18.901027
            ],
            [
              -100.155797,
              18.901008
            ],
            [
              -100.155869,
              18.900881
            ],
            [
              -100.156106,
              18.900719
            ],
            [
              -100.156221,
              18.900583
            ],
            [
              -100.157167,
              18.900298
            ],
            [
              -100.157382,
              18.900032
            ],
            [
              -100.157693,
              18.8998
            ],
            [
              -100.157778,
              18.899584
            ],
            [
              -100.157965,
              18.899695
            ],
            [
              -100.158007,
              18.899686
            ],
            [
              -100.158129,
              18.899697
            ],
            [
              -100.15827,
              18.899698
            ],
            [
              -100.158305,
              18.899698
            ],
            [
              -100.158352,
              18.899698
            ],
            [
              -100.158317,
              18.899566
            ],
            [
              -100.158359,
              18.899513
            ],
            [
              -100.158554,
              18.899388
            ],
            [
              -100.158814,
              18.899338
            ],
            [
              -100.158983,
              18.899259
            ],
            [
              -100.15903,
              18.89906
            ],
            [
              -100.159205,
              18.89908
            ],
            [
              -100.159404,
              18.899022
            ],
            [
              -100.159783,
              18.8988
            ],
            [
              -100.160206,
              18.89873
            ],
            [
              -100.160362,
              18.898721
            ],
            [
              -100.16035,
              18.898535
            ],
            [
              -100.160348,
              18.898503
            ],
            [
              -100.16039,
              18.898287
            ],
            [
              -100.160421,
              18.898238
            ],
            [
              -100.160686,
              18.898101
            ],
            [
              -100.161016,
              18.897972
            ],
            [
              -100.161013,
              18.897946
            ],
            [
              -100.16101,
              18.89792
            ],
            [
              -100.161065,
              18.89771
            ],
            [
              -100.161134,
              18.897513
            ],
            [
              -100.161065,
              18.896987
            ],
            [
              -100.161113,
              18.896832
            ],
            [
              -100.161166,
              18.896631
            ],
            [
              -100.161337,
              18.896392
            ],
            [
              -100.161535,
              18.896014
            ],
            [
              -100.161662,
              18.89581
            ],
            [
              -100.161653,
              18.895761
            ],
            [
              -100.161557,
              18.894882
            ],
            [
              -100.161876,
              18.894566
            ],
            [
              -100.162271,
              18.89444
            ],
            [
              -100.162685,
              18.894302
            ],
            [
              -100.16295,
              18.894315
            ],
            [
              -100.163504,
              18.894444
            ],
            [
              -100.163852,
              18.894499
            ],
            [
              -100.164034,
              18.89459
            ],
            [
              -100.164168,
              18.894739
            ],
            [
              -100.164496,
              18.895167
            ],
            [
              -100.164787,
              18.895473
            ],
            [
              -100.164955,
              18.895753
            ],
            [
              -100.165103,
              18.895997
            ],
            [
              -100.165241,
              18.896162
            ],
            [
              -100.165481,
              18.896218
            ],
            [
              -100.165629,
              18.896206
            ],
            [
              -100.165817,
              18.896105
            ],
            [
              -100.166005,
              18.896156
            ],
            [
              -100.16617,
              18.896343
            ],
            [
              -100.166271,
              18.896472
            ],
            [
              -100.16656,
              18.896567
            ],
            [
              -100.16684,
              18.897076
            ],
            [
              -100.167078,
              18.897483
            ],
            [
              -100.166682,
              18.898111
            ],
            [
              -100.166119,
              18.898297
            ],
            [
              -100.166182,
              18.898562
            ],
            [
              -100.166147,
              18.898938
            ],
            [
              -100.16609,
              18.899295
            ],
            [
              -100.16601,
              18.899712
            ],
            [
              -100.166112,
              18.899931
            ],
            [
              -100.166214,
              18.900007
            ],
            [
              -100.166294,
              18.900067
            ],
            [
              -100.166456,
              18.90009
            ],
            [
              -100.167074,
              18.90005
            ],
            [
              -100.167212,
              18.900073
            ],
            [
              -100.167419,
              18.900173
            ],
            [
              -100.167613,
              18.900332
            ],
            [
              -100.167802,
              18.900468
            ],
            [
              -100.168033,
              18.90055
            ],
            [
              -100.168538,
              18.900595
            ],
            [
              -100.168544,
              18.900626
            ],
            [
              -100.169014,
              18.901001
            ],
            [
              -100.168873,
              18.900969
            ],
            [
              -100.168294,
              18.901009
            ],
            [
              -100.167714,
              18.90082
            ],
            [
              -100.167173,
              18.900902
            ],
            [
              -100.166899,
              18.90139
            ],
            [
              -100.166652,
              18.901585
            ],
            [
              -100.166156,
              18.901624
            ],
            [
              -100.165728,
              18.901555
            ],
            [
              -100.165353,
              18.901743
            ],
            [
              -100.165183,
              18.902166
            ],
            [
              -100.164883,
              18.902268
            ],
            [
              -100.164529,
              18.902092
            ],
            [
              -100.1645,
              18.902082
            ],
            [
              -100.164197,
              18.901979
            ],
            [
              -100.163843,
              18.901881
            ],
            [
              -100.163543,
              18.90189
            ],
            [
              -100.163445,
              18.901855
            ],
            [
              -100.163249,
              18.901821
            ],
            [
              -100.163113,
              18.901799
            ],
            [
              -100.163214,
              18.901879
            ],
            [
              -100.163537,
              18.902052
            ],
            [
              -100.163817,
              18.902236
            ],
            [
              -100.163988,
              18.902459
            ],
            [
              -100.164033,
              18.90262
            ],
            [
              -100.163996,
              18.90286
            ],
            [
              -100.163921,
              18.903038
            ],
            [
              -100.163836,
              18.903146
            ],
            [
              -100.163785,
              18.903188
            ],
            [
              -100.163646,
              18.903265
            ],
            [
              -100.163499,
              18.903305
            ],
            [
              -100.163296,
              18.903322
            ],
            [
              -100.163177,
              18.903324
            ],
            [
              -100.163027,
              18.903328
            ],
            [
              -100.162905,
              18.903334
            ],
            [
              -100.162763,
              18.903357
            ],
            [
              -100.162624,
              18.903379
            ],
            [
              -100.162559,
              18.903394
            ],
            [
              -100.162358,
              18.903326
            ],
            [
              -100.161274,
              18.903298
            ],
            [
              -100.160725,
              18.903273
            ],
            [
              -100.160556,
              18.903227
            ],
            [
              -100.160181,
              18.903112
            ],
            [
              -100.160014,
              18.903063
            ],
            [
              -100.159811,
              18.903022
            ],
            [
              -100.15962,
              18.90303
            ],
            [
              -100.159456,
              18.903076
            ],
            [
              -100.159168,
              18.90331
            ],
            [
              -100.158961,
              18.903543
            ]
          ]
        ]
      }
    },
    {
      "type": "Feature",
      "properties": {
        "nombre": "ZACATEPEC",
        "cp": "51400",
        "area_ha": 394.6,
        "capa": "colonias",
        "estado_evidencia": "geometria_derivada_fuente_primaria_pendiente"
      },
      "geometry": {
        "type": "Polygon",
        "coordinates": [
          [
            [
              -100.128327,
              18.893515
            ],
            [
              -100.128208,
              18.893505
            ],
            [
              -100.12812,
              18.893462
            ],
            [
              -100.127292,
              18.89349
            ],
            [
              -100.127164,
              18.893299
            ],
            [
              -100.127037,
              18.892926
            ],
            [
              -100.126926,
              18.8927
            ],
            [
              -100.12666,
              18.892672
            ],
            [
              -100.126445,
              18.892857
            ],
            [
              -100.12618,
              18.892928
            ],
            [
              -100.125746,
              18.892888
            ],
            [
              -100.125506,
              18.893099
            ],
            [
              -100.125206,
              18.893098
            ],
            [
              -100.124937,
              18.893053
            ],
            [
              -100.123918,
              18.893079
            ],
            [
              -100.122893,
              18.893121
            ],
            [
              -100.122119,
              18.892667
            ],
            [
              -100.121948,
              18.892274
            ],
            [
              -100.122015,
              18.891893
            ],
            [
              -100.12185,
              18.891455
            ],
            [
              -100.121813,
              18.891109
            ],
            [
              -100.122192,
              18.890876
            ],
            [
              -100.122899,
              18.890915
            ],
            [
              -100.123277,
              18.890043
            ],
            [
              -100.124331,
              18.889042
            ],
            [
              -100.125355,
              18.888239
            ],
            [
              -100.126525,
              18.887715
            ],
            [
              -100.126916,
              18.887277
            ],
            [
              -100.126935,
              18.887076
            ],
            [
              -100.126659,
              18.886891
            ],
            [
              -100.126405,
              18.886652
            ],
            [
              -100.126777,
              18.885982
            ],
            [
              -100.126901,
              18.885874
            ],
            [
              -100.1269,
              18.885856
            ],
            [
              -100.126895,
              18.885736
            ],
            [
              -100.127194,
              18.885288
            ],
            [
              -100.12761,
              18.885034
            ],
            [
              -100.128317,
              18.884899
            ],
            [
              -100.128153,
              18.88452
            ],
            [
              -100.128216,
              18.884248
            ],
            [
              -100.128579,
              18.883878
            ],
            [
              -100.128722,
              18.883704
            ],
            [
              -100.128592,
              18.883609
            ],
            [
              -100.128429,
              18.88345
            ],
            [
              -100.128211,
              18.883069
            ],
            [
              -100.128013,
              18.882892
            ],
            [
              -100.127809,
              18.882822
            ],
            [
              -100.127738,
              18.882667
            ],
            [
              -100.127879,
              18.882458
            ],
            [
              -100.128073,
              18.88217
            ],
            [
              -100.127999,
              18.882072
            ],
            [
              -100.127808,
              18.881949
            ],
            [
              -100.127494,
              18.881791
            ],
            [
              -100.127212,
              18.881586
            ],
            [
              -100.127328,
              18.881355
            ],
            [
              -100.127372,
              18.881185
            ],
            [
              -100.127522,
              18.881016
            ],
            [
              -100.127574,
              18.880888
            ],
            [
              -100.127809,
              18.880774
            ],
            [
              -100.127921,
              18.880748
            ],
            [
              -100.127985,
              18.880734
            ],
            [
              -100.12819,
              18.880642
            ],
            [
              -100.128249,
              18.880522
            ],
            [
              -100.128979,
              18.880098
            ],
            [
              -100.129504,
              18.879632
            ],
            [
              -100.130006,
              18.879303
            ],
            [
              -100.130201,
              18.879024
            ],
            [
              -100.130118,
              18.878831
            ],
            [
              -100.13063,
              18.878227
            ],
            [
              -100.130722,
              18.877851
            ],
            [
              -100.131044,
              18.877733
            ],
            [
              -100.13133,
              18.877363
            ],
            [
              -100.131981,
              18.877259
            ],
            [
              -100.133021,
              18.876425
            ],
            [
              -100.134187,
              18.876095
            ],
            [
              -100.134367,
              18.87604
            ],
            [
              -100.134525,
              18.875999
            ],
            [
              -100.134703,
              18.875879
            ],
            [
              -100.13477,
              18.875644
            ],
            [
              -100.13494,
              18.875064
            ],
            [
              -100.135021,
              18.874512
            ],
            [
              -100.135216,
              18.874121
            ],
            [
              -100.135517,
              18.873735
            ],
            [
              -100.135636,
              18.873493
            ],
            [
              -100.135634,
              18.873264
            ],
            [
              -100.135597,
              18.872961
            ],
            [
              -100.135559,
              18.872632
            ],
            [
              -100.1356,
              18.872342
            ],
            [
              -100.135879,
              18.87171
            ],
            [
              -100.136254,
              18.871752
            ],
            [
              -100.136476,
              18.871762
            ],
            [
              -100.136817,
              18.871784
            ],
            [
              -100.136892,
              18.871754
            ],
            [
              -100.137009,
              18.871618
            ],
            [
              -100.137095,
              18.871578
            ],
            [
              -100.13751,
              18.871621
            ],
            [
              -100.137925,
              18.871656
            ],
            [
              -100.138069,
              18.871591
            ],
            [
              -100.138209,
              18.871511
            ],
            [
              -100.138434,
              18.871318
            ],
            [
              -100.138993,
              18.871533
            ],
            [
              -100.139515,
              18.871766
            ],
            [
              -100.139988,
              18.871985
            ],
            [
              -100.140082,
              18.87206
            ],
            [
              -100.140192,
              18.872164
            ],
            [
              -100.140257,
              18.87222
            ],
            [
              -100.140489,
              18.872824
            ],
            [
              -100.140496,
              18.873137
            ],
            [
              -100.140397,
              18.873636
            ],
            [
              -100.140292,
              18.874067
            ],
            [
              -100.140286,
              18.874236
            ],
            [
              -100.14028,
              18.874451
            ],
            [
              -100.140336,
              18.874729
            ],
            [
              -100.141688,
              18.874294
            ],
            [
              -100.141929,
              18.874284
            ],
            [
              -100.14228,
              18.874346
            ],
            [
              -100.142542,
              18.874487
            ],
            [
              -100.142676,
              18.874475
            ],
            [
              -100.143234,
              18.874254
            ],
            [
              -100.144695,
              18.873676
            ],
            [
              -100.145085,
              18.873615
            ],
            [
              -100.146145,
              18.872872
            ],
            [
              -100.146606,
              18.872712
            ],
            [
              -100.147206,
              18.872843
            ],
            [
              -100.147734,
              18.873283
            ],
            [
              -100.148034,
              18.873856
            ],
            [
              -100.148205,
              18.874032
            ],
            [
              -100.148231,
              18.8744
            ],
            [
              -100.148123,
              18.874746
            ],
            [
              -100.147651,
              18.875462
            ],
            [
              -100.14746,
              18.875821
            ],
            [
              -100.147426,
              18.876076
            ],
            [
              -100.147916,
              18.876212
            ],
            [
              -100.148359,
              18.876337
            ],
            [
              -100.149185,
              18.876554
            ],
            [
              -100.1494,
              18.876748
            ],
            [
              -100.149805,
              18.877125
            ],
            [
              -100.148151,
              18.878596
            ],
            [
              -100.148559,
              18.879856
            ],
            [
              -100.148588,
              18.880235
            ],
            [
              -100.148516,
              18.880571
            ],
            [
              -100.148219,
              18.880631
            ],
            [
              -100.147974,
              18.880484
            ],
            [
              -100.147627,
              18.880119
            ],
            [
              -100.147435,
              18.879772
            ],
            [
              -100.147319,
              18.879677
            ],
            [
              -100.147239,
              18.879767
            ],
            [
              -100.147085,
              18.879994
            ],
            [
              -100.146985,
              18.880323
            ],
            [
              -100.146839,
              18.880684
            ],
            [
              -100.146878,
              18.881518
            ],
            [
              -100.146994,
              18.882113
            ],
            [
              -100.1471,
              18.882277
            ],
            [
              -100.1473,
              18.882333
            ],
            [
              -100.147562,
              18.882564
            ],
            [
              -100.147509,
              18.882776
            ],
            [
              -100.147514,
              18.88297
            ],
            [
              -100.147624,
              18.883131
            ],
            [
              -100.14738,
              18.883252
            ],
            [
              -100.147144,
              18.883348
            ],
            [
              -100.147166,
              18.883571
            ],
            [
              -100.147078,
              18.883736
            ],
            [
              -100.147062,
              18.883861
            ],
            [
              -100.147088,
              18.883954
            ],
            [
              -100.147464,
              18.884153
            ],
            [
              -100.147472,
              18.884392
            ],
            [
              -100.147156,
              18.884695
            ],
            [
              -100.146924,
              18.884896
            ],
            [
              -100.146742,
              18.885148
            ],
            [
              -100.14666,
              18.885278
            ],
            [
              -100.146545,
              18.885635
            ],
            [
              -100.146439,
              18.885903
            ],
            [
              -100.146412,
              18.886197
            ],
            [
              -100.1464,
              18.886502
            ],
            [
              -100.146349,
              18.886878
            ],
            [
              -100.146224,
              18.887312
            ],
            [
              -100.146134,
              18.88749
            ],
            [
              -100.146027,
              18.887645
            ],
            [
              -100.145937,
              18.887924
            ],
            [
              -100.145941,
              18.88808
            ],
            [
              -100.145933,
              18.888188
            ],
            [
              -100.146059,
              18.888296
            ],
            [
              -100.146075,
              18.888415
            ],
            [
              -100.14604,
              18.888603
            ],
            [
              -100.146014,
              18.888718
            ],
            [
              -100.145989,
              18.88883
            ],
            [
              -100.145909,
              18.889038
            ],
            [
              -100.145838,
              18.88911
            ],
            [
              -100.145682,
              18.889259
            ],
            [
              -100.145457,
              18.889408
            ],
            [
              -100.14515,
              18.8897
            ],
            [
              -100.145033,
              18.889669
            ],
            [
              -100.144881,
              18.889605
            ],
            [
              -100.144747,
              18.889502
            ],
            [
              -100.144602,
              18.889422
            ],
            [
              -100.144453,
              18.88939
            ],
            [
              -100.144397,
              18.889427
            ],
            [
              -100.144336,
              18.889427
            ],
            [
              -100.144243,
              18.889389
            ],
            [
              -100.144204,
              18.889336
            ],
            [
              -100.144058,
              18.889297
            ],
            [
              -100.143805,
              18.889284
            ],
            [
              -100.143624,
              18.889246
            ],
            [
              -100.143385,
              18.88923
            ],
            [
              -100.143217,
              18.889181
            ],
            [
              -100.14303,
              18.889162
            ],
            [
              -100.142703,
              18.889181
            ],
            [
              -100.1425,
              18.889166
            ],
            [
              -100.142277,
              18.889138
            ],
            [
              -100.142142,
              18.889079
            ],
            [
              -100.14205,
              18.888984
            ],
            [
              -100.141912,
              18.888957
            ],
            [
              -100.141807,
              18.888872
            ],
            [
              -100.141668,
              18.888845
            ],
            [
              -100.141541,
              18.888835
            ],
            [
              -100.141347,
              18.888843
            ],
            [
              -100.141172,
              18.888885
            ],
            [
              -100.141006,
              18.888858
            ],
            [
              -100.14088,
              18.888848
            ],
            [
              -100.140831,
              18.888833
            ],
            [
              -100.140741,
              18.888755
            ],
            [
              -100.140708,
              18.888711
            ],
            [
              -100.140599,
              18.88862
            ],
            [
              -100.140525,
              18.888584
            ],
            [
              -100.140472,
              18.888539
            ],
            [
              -100.14047,
              18.888481
            ],
            [
              -100.140452,
              18.88844
            ],
            [
              -100.140407,
              18.888416
            ],
            [
              -100.140339,
              18.888434
            ],
            [
              -100.140294,
              18.888522
            ],
            [
              -100.140233,
              18.88858
            ],
            [
              -100.140178,
              18.888598
            ],
            [
              -100.140123,
              18.888598
            ],
            [
              -100.140079,
              18.888575
            ],
            [
              -100.140004,
              18.888595
            ],
            [
              -100.139944,
              18.888624
            ],
            [
              -100.139901,
              18.888642
            ],
            [
              -100.139813,
              18.888691
            ],
            [
              -100.13978,
              18.888633
            ],
            [
              -100.139776,
              18.888553
            ],
            [
              -100.139664,
              18.888562
            ],
            [
              -100.139546,
              18.888589
            ],
            [
              -100.139428,
              18.888654
            ],
            [
              -100.139294,
              18.888656
            ],
            [
              -100.139068,
              18.88868
            ],
            [
              -100.138934,
              18.888755
            ],
            [
              -100.138836,
              18.888786
            ],
            [
              -100.138651,
              18.888785
            ],
            [
              -100.138481,
              18.888762
            ],
            [
              -100.138261,
              18.888786
            ],
            [
              -100.137875,
              18.888929
            ],
            [
              -100.137714,
              18.889179
            ],
            [
              -100.137682,
              18.889272
            ],
            [
              -100.137692,
              18.889376
            ],
            [
              -100.137725,
              18.889458
            ],
            [
              -100.137796,
              18.88951
            ],
            [
              -100.137796,
              18.889591
            ],
            [
              -100.137784,
              18.889697
            ],
            [
              -100.137623,
              18.889782
            ],
            [
              -100.137446,
              18.889857
            ],
            [
              -100.137148,
              18.889879
            ],
            [
              -100.136809,
              18.88995
            ],
            [
              -100.136397,
              18.88989
            ],
            [
              -100.13603,
              18.890001
            ],
            [
              -100.135936,
              18.890344
            ],
            [
              -100.135867,
              18.890484
            ],
            [
              -100.135733,
              18.890546
            ],
            [
              -100.135651,
              18.890656
            ],
            [
              -100.135621,
              18.890778
            ],
            [
              -100.135684,
              18.890867
            ],
            [
              -100.135786,
              18.890921
            ],
            [
              -100.135818,
              18.89099
            ],
            [
              -100.135842,
              18.891167
            ],
            [
              -100.135787,
              18.89139
            ],
            [
              -100.135512,
              18.891509
            ],
            [
              -100.135431,
              18.89159
            ],
            [
              -100.13477,
              18.89167
            ],
            [
              -100.13416,
              18.892433
            ],
            [
              -100.133442,
              18.892325
            ],
            [
              -100.131849,
              18.892728
            ],
            [
              -100.131567,
              18.892913
            ],
            [
              -100.129506,
              18.893338
            ],
            [
              -100.129043,
              18.89334
            ],
            [
              -100.128754,
              18.89339
            ],
            [
              -100.128608,
              18.893457
            ],
            [
              -100.128461,
              18.893511
            ],
            [
              -100.128327,
              18.893515
            ]
          ]
        ]
      }
    },
    {
      "type": "Feature",
      "properties": {
        "nombre": "RINCON DE AGUIRRE",
        "cp": "51400",
        "area_ha": 160.9,
        "capa": "colonias",
        "estado_evidencia": "geometria_derivada_fuente_primaria_pendiente"
      },
      "geometry": {
        "type": "Polygon",
        "coordinates": [
          [
            [
              -100.1309,
              18.913778
            ],
            [
              -100.129984,
              18.913644
            ],
            [
              -100.128782,
              18.912734
            ],
            [
              -100.12837,
              18.913131
            ],
            [
              -100.128046,
              18.913034
            ],
            [
              -100.127746,
              18.91292
            ],
            [
              -100.127623,
              18.904652
            ],
            [
              -100.128253,
              18.904841
            ],
            [
              -100.128678,
              18.904444
            ],
            [
              -100.128858,
              18.90406
            ],
            [
              -100.128941,
              18.903688
            ],
            [
              -100.12925,
              18.903153
            ],
            [
              -100.129767,
              18.902797
            ],
            [
              -100.130106,
              18.902505
            ],
            [
              -100.130342,
              18.902229
            ],
            [
              -100.130994,
              18.902305
            ],
            [
              -100.131372,
              18.90232
            ],
            [
              -100.13157,
              18.901872
            ],
            [
              -100.131749,
              18.902181
            ],
            [
              -100.131825,
              18.902143
            ],
            [
              -100.1319,
              18.902009
            ],
            [
              -100.131995,
              18.90179
            ],
            [
              -100.13206,
              18.901682
            ],
            [
              -100.131713,
              18.901357
            ],
            [
              -100.131278,
              18.901045
            ],
            [
              -100.131186,
              18.899896
            ],
            [
              -100.13191,
              18.898614
            ],
            [
              -100.131842,
              18.896566
            ],
            [
              -100.132244,
              18.896569
            ],
            [
              -100.132603,
              18.896497
            ],
            [
              -100.134255,
              18.897276
            ],
            [
              -100.134684,
              18.897552
            ],
            [
              -100.134741,
              18.897831
            ],
            [
              -100.13512,
              18.898072
            ],
            [
              -100.135273,
              18.898066
            ],
            [
              -100.13534,
              18.897726
            ],
            [
              -100.135452,
              18.8975
            ],
            [
              -100.135769,
              18.897388
            ],
            [
              -100.136054,
              18.897194
            ],
            [
              -100.136236,
              18.89706
            ],
            [
              -100.136374,
              18.896722
            ],
            [
              -100.136549,
              18.896448
            ],
            [
              -100.136917,
              18.896338
            ],
            [
              -100.137072,
              18.896357
            ],
            [
              -100.13791,
              18.896549
            ],
            [
              -100.138126,
              18.896847
            ],
            [
              -100.138021,
              18.89698
            ],
            [
              -100.13763,
              18.89718
            ],
            [
              -100.137157,
              18.89779
            ],
            [
              -100.137121,
              18.898035
            ],
            [
              -100.136879,
              18.898149
            ],
            [
              -100.136738,
              18.898341
            ],
            [
              -100.136709,
              18.898382
            ],
            [
              -100.136527,
              18.898483
            ],
            [
              -100.136235,
              18.898537
            ],
            [
              -100.136117,
              18.898696
            ],
            [
              -100.135988,
              18.899164
            ],
            [
              -100.135848,
              18.899345
            ],
            [
              -100.135719,
              18.899561
            ],
            [
              -100.135661,
              18.899975
            ],
            [
              -100.135615,
              18.900765
            ],
            [
              -100.135845,
              18.901053
            ],
            [
              -100.136103,
              18.901097
            ],
            [
              -100.136652,
              18.901485
            ],
            [
              -100.136729,
              18.901422
            ],
            [
              -100.137006,
              18.901218
            ],
            [
              -100.137103,
              18.901146
            ],
            [
              -100.137413,
              18.900999
            ],
            [
              -100.137686,
              18.900864
            ],
            [
              -100.138332,
              18.900751
            ],
            [
              -100.138653,
              18.900572
            ],
            [
              -100.138868,
              18.900446
            ],
            [
              -100.138916,
              18.90038
            ],
            [
              -100.13906,
              18.900329
            ],
            [
              -100.139139,
              18.900283
            ],
            [
              -100.139268,
              18.900247
            ],
            [
              -100.139398,
              18.900265
            ],
            [
              -100.139586,
              18.90036
            ],
            [
              -100.139922,
              18.899892
            ],
            [
              -100.140181,
              18.900198
            ],
            [
              -100.140482,
              18.900461
            ],
            [
              -100.140766,
              18.900635
            ],
            [
              -100.141093,
              18.900767
            ],
            [
              -100.14163,
              18.900912
            ],
            [
              -100.141297,
              18.900966
            ],
            [
              -100.141051,
              18.900998
            ],
            [
              -100.14095,
              18.900969
            ],
            [
              -100.140724,
              18.900868
            ],
            [
              -100.140133,
              18.900637
            ],
            [
              -100.140111,
              18.900786
            ],
            [
              -100.140226,
              18.901102
            ],
            [
              -100.140054,
              18.901151
            ],
            [
              -100.139723,
              18.900938
            ],
            [
              -100.13965,
              18.900953
            ],
            [
              -100.13962,
              18.901003
            ],
            [
              -100.139605,
              18.901142
            ],
            [
              -100.139634,
              18.901287
            ],
            [
              -100.139724,
              18.901435
            ],
            [
              -100.139749,
              18.9016
            ],
            [
              -100.13967,
              18.901667
            ],
            [
              -100.139429,
              18.901593
            ],
            [
              -100.139339,
              18.90144
            ],
            [
              -100.139046,
              18.901372
            ],
            [
              -100.138953,
              18.901204
            ],
            [
              -100.138777,
              18.901304
            ],
            [
              -100.138491,
              18.901339
            ],
            [
              -100.138142,
              18.901133
            ],
            [
              -100.138035,
              18.901133
            ],
            [
              -100.137786,
              18.901242
            ],
            [
              -100.137613,
              18.901368
            ],
            [
              -100.137562,
              18.901446
            ],
            [
              -100.137634,
              18.901733
            ],
            [
              -100.137771,
              18.902206
            ],
            [
              -100.137835,
              18.902588
            ],
            [
              -100.137945,
              18.902675
            ],
            [
              -100.138193,
              18.902752
            ],
            [
              -100.13816,
              18.902932
            ],
            [
              -100.138519,
              18.903249
            ],
            [
              -100.13861,
              18.903507
            ],
            [
              -100.138578,
              18.903725
            ],
            [
              -100.138487,
              18.903847
            ],
            [
              -100.138366,
              18.903955
            ],
            [
              -100.137848,
              18.90368
            ],
            [
              -100.137576,
              18.903666
            ],
            [
              -100.137648,
              18.903858
            ],
            [
              -100.137655,
              18.904006
            ],
            [
              -100.137723,
              18.904145
            ],
            [
              -100.137666,
              18.904244
            ],
            [
              -100.137667,
              18.904375
            ],
            [
              -100.138676,
              18.905257
            ],
            [
              -100.139349,
              18.9058
            ],
            [
              -100.13922,
              18.905857
            ],
            [
              -100.139196,
              18.905957
            ],
            [
              -100.139119,
              18.906035
            ],
            [
              -100.138926,
              18.906025
            ],
            [
              -100.138844,
              18.906074
            ],
            [
              -100.138674,
              18.90625
            ],
            [
              -100.138513,
              18.906378
            ],
            [
              -100.138356,
              18.906649
            ],
            [
              -100.138253,
              18.90714
            ],
            [
              -100.138151,
              18.907867
            ],
            [
              -100.138057,
              18.908361
            ],
            [
              -100.138033,
              18.909299
            ],
            [
              -100.137426,
              18.911636
            ],
            [
              -100.137575,
              18.911937
            ],
            [
              -100.136582,
              18.912175
            ],
            [
              -100.136406,
              18.912374
            ],
            [
              -100.136422,
              18.912834
            ],
            [
              -100.136252,
              18.912967
            ],
            [
              -100.135737,
              18.912622
            ],
            [
              -100.135309,
              18.912436
            ],
            [
              -100.134978,
              18.912249
            ],
            [
              -100.134665,
              18.911981
            ],
            [
              -100.13448,
              18.912746
            ],
            [
              -100.13345,
              18.91375
            ],
            [
              -100.132472,
              18.913594
            ],
            [
              -100.131594,
              18.91353
            ],
            [
              -100.1309,
              18.913778
            ]
          ]
        ]
      }
    },
    {
      "type": "Feature",
      "properties": {
        "nombre": "EL CAÑAVERAL",
        "cp": "51400",
        "area_ha": 14.9,
        "capa": "colonias",
        "estado_evidencia": "geometria_derivada_fuente_primaria_pendiente"
      },
      "geometry": {
        "type": "Polygon",
        "coordinates": [
          [
            [
              -100.136652,
              18.901485
            ],
            [
              -100.136103,
              18.901097
            ],
            [
              -100.135845,
              18.901053
            ],
            [
              -100.135615,
              18.900765
            ],
            [
              -100.135661,
              18.899975
            ],
            [
              -100.135719,
              18.899561
            ],
            [
              -100.135848,
              18.899345
            ],
            [
              -100.135988,
              18.899164
            ],
            [
              -100.136117,
              18.898696
            ],
            [
              -100.136235,
              18.898537
            ],
            [
              -100.136527,
              18.898483
            ],
            [
              -100.136709,
              18.898382
            ],
            [
              -100.136738,
              18.898341
            ],
            [
              -100.136879,
              18.898149
            ],
            [
              -100.137121,
              18.898035
            ],
            [
              -100.137157,
              18.89779
            ],
            [
              -100.13763,
              18.89718
            ],
            [
              -100.138021,
              18.89698
            ],
            [
              -100.138126,
              18.896847
            ],
            [
              -100.138385,
              18.896792
            ],
            [
              -100.138637,
              18.896856
            ],
            [
              -100.138698,
              18.896811
            ],
            [
              -100.13878,
              18.896523
            ],
            [
              -100.139259,
              18.896574
            ],
            [
              -100.139282,
              18.896695
            ],
            [
              -100.139387,
              18.897492
            ],
            [
              -100.139429,
              18.89794
            ],
            [
              -100.139448,
              18.898225
            ],
            [
              -100.139582,
              18.89919
            ],
            [
              -100.139839,
              18.899782
            ],
            [
              -100.139922,
              18.899892
            ],
            [
              -100.139586,
              18.90036
            ],
            [
              -100.139398,
              18.900265
            ],
            [
              -100.139268,
              18.900247
            ],
            [
              -100.139139,
              18.900283
            ],
            [
              -100.13906,
              18.900329
            ],
            [
              -100.138916,
              18.90038
            ],
            [
              -100.138868,
              18.900446
            ],
            [
              -100.138653,
              18.900572
            ],
            [
              -100.138332,
              18.900751
            ],
            [
              -100.137686,
              18.900864
            ],
            [
              -100.137413,
              18.900999
            ],
            [
              -100.137103,
              18.901146
            ],
            [
              -100.137006,
              18.901218
            ],
            [
              -100.136729,
              18.901422
            ],
            [
              -100.136652,
              18.901485
            ]
          ]
        ]
      }
    },
    {
      "type": "Feature",
      "properties": {
        "nombre": "102 BATALLON DE INFANTERIA",
        "cp": "51426",
        "area_ha": 24.5,
        "capa": "colonias",
        "estado_evidencia": "geometria_derivada_fuente_primaria_pendiente"
      },
      "geometry": {
        "type": "Polygon",
        "coordinates": [
          [
            [
              -100.143126,
              18.81457
            ],
            [
              -100.143023,
              18.814343
            ],
            [
              -100.142602,
              18.812573
            ],
            [
              -100.142568,
              18.812501
            ],
            [
              -100.142505,
              18.812468
            ],
            [
              -100.141723,
              18.812977
            ],
            [
              -100.139454,
              18.813992
            ],
            [
              -100.139321,
              18.813344
            ],
            [
              -100.139235,
              18.813187
            ],
            [
              -100.139141,
              18.813061
            ],
            [
              -100.138962,
              18.813032
            ],
            [
              -100.138776,
              18.813063
            ],
            [
              -100.138651,
              18.813009
            ],
            [
              -100.138464,
              18.8117
            ],
            [
              -100.138559,
              18.811629
            ],
            [
              -100.139288,
              18.811459
            ],
            [
              -100.139884,
              18.811439
            ],
            [
              -100.140776,
              18.811526
            ],
            [
              -100.140994,
              18.811519
            ],
            [
              -100.141507,
              18.811643
            ],
            [
              -100.141713,
              18.811559
            ],
            [
              -100.14215,
              18.811249
            ],
            [
              -100.142376,
              18.810853
            ],
            [
              -100.142767,
              18.810393
            ],
            [
              -100.14301,
              18.809804
            ],
            [
              -100.143322,
              18.809543
            ],
            [
              -100.143497,
              18.809392
            ],
            [
              -100.143748,
              18.809244
            ],
            [
              -100.144021,
              18.809181
            ],
            [
              -100.144224,
              18.808902
            ],
            [
              -100.144236,
              18.808637
            ],
            [
              -100.144211,
              18.808304
            ],
            [
              -100.144238,
              18.807967
            ],
            [
              -100.144344,
              18.807839
            ],
            [
              -100.144931,
              18.807518
            ],
            [
              -100.144962,
              18.807523
            ],
            [
              -100.145343,
              18.807875
            ],
            [
              -100.145471,
              18.808065
            ],
            [
              -100.145553,
              18.808308
            ],
            [
              -100.14566,
              18.808625
            ],
            [
              -100.145779,
              18.808901
            ],
            [
              -100.145874,
              18.809189
            ],
            [
              -100.146105,
              18.809852
            ],
            [
              -100.145558,
              18.810033
            ],
            [
              -100.145834,
              18.810787
            ],
            [
              -100.145966,
              18.811195
            ],
            [
              -100.14619,
              18.811137
            ],
            [
              -100.146238,
              18.811162
            ],
            [
              -100.14579,
              18.811415
            ],
            [
              -100.145566,
              18.811571
            ],
            [
              -100.145475,
              18.811659
            ],
            [
              -100.14537,
              18.811764
            ],
            [
              -100.145314,
              18.811914
            ],
            [
              -100.145203,
              18.812248
            ],
            [
              -100.145058,
              18.812526
            ],
            [
              -100.144854,
              18.812704
            ],
            [
              -100.144477,
              18.812903
            ],
            [
              -100.143776,
              18.813257
            ],
            [
              -100.143559,
              18.813466
            ],
            [
              -100.143427,
              18.813683
            ],
            [
              -100.143319,
              18.81401
            ],
            [
              -100.143243,
              18.814354
            ],
            [
              -100.143126,
              18.81457
            ]
          ]
        ]
      }
    },
    {
      "type": "Feature",
      "properties": {
        "nombre": "LOS COLORINES COLORINES",
        "cp": "51414",
        "area_ha": 59.8,
        "capa": "colonias",
        "estado_evidencia": "geometria_derivada_fuente_primaria_pendiente"
      },
      "geometry": {
        "type": "Polygon",
        "coordinates": [
          [
            [
              -100.16156,
              18.894819
            ],
            [
              -100.160724,
              18.894513
            ],
            [
              -100.159605,
              18.894666
            ],
            [
              -100.158731,
              18.894059
            ],
            [
              -100.159115,
              18.892955
            ],
            [
              -100.159046,
              18.892647
            ],
            [
              -100.159099,
              18.892443
            ],
            [
              -100.159389,
              18.892316
            ],
            [
              -100.159697,
              18.892294
            ],
            [
              -100.159945,
              18.892146
            ],
            [
              -100.160041,
              18.892165
            ],
            [
              -100.160167,
              18.892089
            ],
            [
              -100.160215,
              18.891998
            ],
            [
              -100.160192,
              18.891846
            ],
            [
              -100.160221,
              18.891457
            ],
            [
              -100.160295,
              18.891356
            ],
            [
              -100.16056,
              18.891359
            ],
            [
              -100.160702,
              18.89118
            ],
            [
              -100.160834,
              18.89021
            ],
            [
              -100.161281,
              18.888955
            ],
            [
              -100.161961,
              18.887486
            ],
            [
              -100.161968,
              18.88692
            ],
            [
              -100.162844,
              18.886349
            ],
            [
              -100.163459,
              18.887012
            ],
            [
              -100.163528,
              18.887344
            ],
            [
              -100.163622,
              18.887635
            ],
            [
              -100.164127,
              18.888051
            ],
            [
              -100.164411,
              18.888312
            ],
            [
              -100.164957,
              18.888559
            ],
            [
              -100.165266,
              18.888971
            ],
            [
              -100.165559,
              18.889479
            ],
            [
              -100.165821,
              18.889434
            ],
            [
              -100.166862,
              18.889456
            ],
            [
              -100.167225,
              18.889681
            ],
            [
              -100.167556,
              18.889749
            ],
            [
              -100.167849,
              18.889707
            ],
            [
              -100.168535,
              18.889609
            ],
            [
              -100.1687,
              18.889661
            ],
            [
              -100.168718,
              18.890828
            ],
            [
              -100.168437,
              18.891374
            ],
            [
              -100.167954,
              18.891423
            ],
            [
              -100.167919,
              18.891697
            ],
            [
              -100.167569,
              18.891942
            ],
            [
              -100.167426,
              18.892089
            ],
            [
              -100.167413,
              18.892217
            ],
            [
              -100.16777,
              18.892416
            ],
            [
              -100.168101,
              18.892545
            ],
            [
              -100.168056,
              18.892924
            ],
            [
              -100.167992,
              18.893058
            ],
            [
              -100.168187,
              18.893337
            ],
            [
              -100.168285,
              18.893585
            ],
            [
              -100.168381,
              18.893673
            ],
            [
              -100.168404,
              18.893837
            ],
            [
              -100.168594,
              18.894016
            ],
            [
              -100.168846,
              18.894224
            ],
            [
              -100.16902,
              18.894299
            ],
            [
              -100.168978,
              18.894395
            ],
            [
              -100.168719,
              18.89451
            ],
            [
              -100.168434,
              18.894506
            ],
            [
              -100.168246,
              18.894376
            ],
            [
              -100.168093,
              18.89431
            ],
            [
              -100.167866,
              18.894276
            ],
            [
              -100.167841,
              18.894247
            ],
            [
              -100.167731,
              18.8943
            ],
            [
              -100.167694,
              18.894301
            ],
            [
              -100.167544,
              18.894185
            ],
            [
              -100.167157,
              18.894115
            ],
            [
              -100.166835,
              18.894038
            ],
            [
              -100.166578,
              18.893999
            ],
            [
              -100.166395,
              18.894055
            ],
            [
              -100.166242,
              18.894138
            ],
            [
              -100.166134,
              18.894277
            ],
            [
              -100.166088,
              18.894378
            ],
            [
              -100.165713,
              18.895514
            ],
            [
              -100.165726,
              18.89595
            ],
            [
              -100.165817,
              18.896105
            ],
            [
              -100.165629,
              18.896206
            ],
            [
              -100.165481,
              18.896218
            ],
            [
              -100.165241,
              18.896162
            ],
            [
              -100.165103,
              18.895997
            ],
            [
              -100.164955,
              18.895753
            ],
            [
              -100.164787,
              18.895473
            ],
            [
              -100.164496,
              18.895167
            ],
            [
              -100.164168,
              18.894739
            ],
            [
              -100.164034,
              18.89459
            ],
            [
              -100.163852,
              18.894499
            ],
            [
              -100.163504,
              18.894444
            ],
            [
              -100.16295,
              18.894315
            ],
            [
              -100.162685,
              18.894302
            ],
            [
              -100.162271,
              18.89444
            ],
            [
              -100.161876,
              18.894566
            ],
            [
              -100.161557,
              18.894882
            ],
            [
              -100.16156,
              18.894819
            ]
          ]
        ]
      }
    }
  ],
  "bbox": [
    -100.432027,
    18.773793,
    -100.043907,
    18.990435
  ],
  "pdl_meta": {
    "layer": "colonias",
    "crs": "EPSG:4326",
    "feature_count": 17,
    "evidence_state": "geometria_derivada_fuente_primaria_pendiente",
    "property_whitelist": [
      "nombre",
      "cp",
      "area_ha",
      "capa",
      "estado_evidencia"
    ],
    "source_sha256": "966A10D751ADE45C8C2B60FBD49EADFE1EF48499EAC6239A2C00A2208E71751A"
  }
}
