{
  "type": "FeatureCollection",
  "features": [
    {
      "type": "Feature",
      "properties": {
        "nombre": "ALMOLOYA DE LAS GRANADAS",
        "area_ha": 28.9,
        "vertices": 90,
        "localidad_fuente": "Almoloya de las Granadas",
        "poblacion_total": 887,
        "pct_total_municipal": 1.1,
        "fuente_poblacion": "PDM Tejupilco 2025-2027, Cuadro 26 (Censo INEGI 2020)",
        "capa": "localidades",
        "estado_evidencia": "geometria_derivada_fuente_primaria_pendiente"
      },
      "geometry": {
        "type": "Polygon",
        "coordinates": [
          [
            [
              -100.134614,
              18.979196
            ],
            [
              -100.134179,
              18.979441
            ],
            [
              -100.134093,
              18.979479
            ],
            [
              -100.134007,
              18.97919
            ],
            [
              -100.133783,
              18.979183
            ],
            [
              -100.133657,
              18.979144
            ],
            [
              -100.133546,
              18.979167
            ],
            [
              -100.133314,
              18.979116
            ],
            [
              -100.13323,
              18.978852
            ],
            [
              -100.133268,
              18.978595
            ],
            [
              -100.133331,
              18.978461
            ],
            [
              -100.133393,
              18.978367
            ],
            [
              -100.133602,
              18.978222
            ],
            [
              -100.133133,
              18.977142
            ],
            [
              -100.132813,
              18.976676
            ],
            [
              -100.132826,
              18.976392
            ],
            [
              -100.133079,
              18.975483
            ],
            [
              -100.133067,
              18.974894
            ],
            [
              -100.13305,
              18.974415
            ],
            [
              -100.133073,
              18.974098
            ],
            [
              -100.133222,
              18.973987
            ],
            [
              -100.133417,
              18.973967
            ],
            [
              -100.133599,
              18.97392
            ],
            [
              -100.133666,
              18.973843
            ],
            [
              -100.133726,
              18.97365
            ],
            [
              -100.133762,
              18.973481
            ],
            [
              -100.133773,
              18.973206
            ],
            [
              -100.133705,
              18.972951
            ],
            [
              -100.133609,
              18.972961
            ],
            [
              -100.133393,
              18.972969
            ],
            [
              -100.132718,
              18.972737
            ],
            [
              -100.131822,
              18.972313
            ],
            [
              -100.130105,
              18.971338
            ],
            [
              -100.130022,
              18.970113
            ],
            [
              -100.130398,
              18.969784
            ],
            [
              -100.130406,
              18.969349
            ],
            [
              -100.130491,
              18.968835
            ],
            [
              -100.129542,
              18.967983
            ],
            [
              -100.130086,
              18.967333
            ],
            [
              -100.130761,
              18.96665
            ],
            [
              -100.13125,
              18.966194
            ],
            [
              -100.131482,
              18.966169
            ],
            [
              -100.131579,
              18.966354
            ],
            [
              -100.131541,
              18.966536
            ],
            [
              -100.131098,
              18.966856
            ],
            [
              -100.131073,
              18.966937
            ],
            [
              -100.131157,
              18.967147
            ],
            [
              -100.131431,
              18.96759
            ],
            [
              -100.131756,
              18.967995
            ],
            [
              -100.131895,
              18.968316
            ],
            [
              -100.131906,
              18.968381
            ],
            [
              -100.131959,
              18.968632
            ],
            [
              -100.132216,
              18.969345
            ],
            [
              -100.131992,
              18.969733
            ],
            [
              -100.131887,
              18.969953
            ],
            [
              -100.13198,
              18.970201
            ],
            [
              -100.132977,
              18.970117
            ],
            [
              -100.133635,
              18.970174
            ],
            [
              -100.134004,
              18.970366
            ],
            [
              -100.134365,
              18.970746
            ],
            [
              -100.13466,
              18.97129
            ],
            [
              -100.134333,
              18.971699
            ],
            [
              -100.134295,
              18.972285
            ],
            [
              -100.134118,
              18.972632
            ],
            [
              -100.13394,
              18.972813
            ],
            [
              -100.133863,
              18.972861
            ],
            [
              -100.133919,
              18.972873
            ],
            [
              -100.134217,
              18.972901
            ],
            [
              -100.134591,
              18.973009
            ],
            [
              -100.134617,
              18.973227
            ],
            [
              -100.134409,
              18.97346
            ],
            [
              -100.134152,
              18.973634
            ],
            [
              -100.134118,
              18.973694
            ],
            [
              -100.134258,
              18.973853
            ],
            [
              -100.134457,
              18.973853
            ],
            [
              -100.134725,
              18.974239
            ],
            [
              -100.134853,
              18.974695
            ],
            [
              -100.134795,
              18.975414
            ],
            [
              -100.134403,
              18.975684
            ],
            [
              -100.134254,
              18.976059
            ],
            [
              -100.13434,
              18.976553
            ],
            [
              -100.13464,
              18.976963
            ],
            [
              -100.135094,
              18.977127
            ],
            [
              -100.135232,
              18.977443
            ],
            [
              -100.135295,
              18.977853
            ],
            [
              -100.135446,
              18.978103
            ],
            [
              -100.135559,
              18.978318
            ],
            [
              -100.135542,
              18.978509
            ],
            [
              -100.134836,
              18.978917
            ],
            [
              -100.134614,
              18.979196
            ]
          ]
        ]
      }
    },
    {
      "type": "Feature",
      "properties": {
        "nombre": "SAN MIGUEL IXTAPAN",
        "area_ha": 87.9,
        "vertices": 256,
        "localidad_fuente": "San Miguel Ixtapan",
        "poblacion_total": 1496,
        "pct_total_municipal": 1.9,
        "fuente_poblacion": "PDM Tejupilco 2025-2027, Cuadro 26 (Censo INEGI 2020)",
        "capa": "localidades",
        "estado_evidencia": "geometria_derivada_fuente_primaria_pendiente"
      },
      "geometry": {
        "type": "Polygon",
        "coordinates": [
          [
            [
              -100.158419,
              18.808923
            ],
            [
              -100.158265,
              18.8089
            ],
            [
              -100.158148,
              18.808866
            ],
            [
              -100.157986,
              18.80887
            ],
            [
              -100.157827,
              18.808882
            ],
            [
              -100.15765,
              18.808916
            ],
            [
              -100.157505,
              18.808951
            ],
            [
              -100.157362,
              18.808942
            ],
            [
              -100.157263,
              18.808891
            ],
            [
              -100.157146,
              18.808815
            ],
            [
              -100.157037,
              18.808709
            ],
            [
              -100.156994,
              18.808493
            ],
            [
              -100.156971,
              18.808304
            ],
            [
              -100.156922,
              18.808191
            ],
            [
              -100.156844,
              18.808108
            ],
            [
              -100.156701,
              18.808078
            ],
            [
              -100.156512,
              18.808094
            ],
            [
              -100.156362,
              18.808145
            ],
            [
              -100.155975,
              18.808253
            ],
            [
              -100.155869,
              18.808253
            ],
            [
              -100.1558,
              18.808306
            ],
            [
              -100.155782,
              18.808375
            ],
            [
              -100.155777,
              18.808509
            ],
            [
              -100.155745,
              18.808587
            ],
            [
              -100.15572,
              18.808698
            ],
            [
              -100.155641,
              18.808753
            ],
            [
              -100.155439,
              18.808856
            ],
            [
              -100.155342,
              18.808912
            ],
            [
              -100.155201,
              18.808974
            ],
            [
              -100.155146,
              18.809038
            ],
            [
              -100.155151,
              18.809085
            ],
            [
              -100.155116,
              18.809345
            ],
            [
              -100.154995,
              18.809648
            ],
            [
              -100.154897,
              18.809731
            ],
            [
              -100.154828,
              18.80982
            ],
            [
              -100.154821,
              18.80994
            ],
            [
              -100.15484,
              18.810161
            ],
            [
              -100.15493,
              18.810355
            ],
            [
              -100.155067,
              18.810562
            ],
            [
              -100.155258,
              18.810804
            ],
            [
              -100.155329,
              18.81084
            ],
            [
              -100.155294,
              18.811157
            ],
            [
              -100.155485,
              18.811517
            ],
            [
              -100.155202,
              18.811411
            ],
            [
              -100.15499,
              18.811491
            ],
            [
              -100.154822,
              18.811687
            ],
            [
              -100.15417,
              18.811312
            ],
            [
              -100.154055,
              18.811167
            ],
            [
              -100.15349,
              18.810962
            ],
            [
              -100.153472,
              18.811081
            ],
            [
              -100.153412,
              18.811323
            ],
            [
              -100.153299,
              18.811586
            ],
            [
              -100.153223,
              18.811666
            ],
            [
              -100.15315,
              18.811653
            ],
            [
              -100.153076,
              18.811687
            ],
            [
              -100.153011,
              18.811749
            ],
            [
              -100.152873,
              18.811759
            ],
            [
              -100.152786,
              18.811805
            ],
            [
              -100.152714,
              18.811802
            ],
            [
              -100.152654,
              18.811819
            ],
            [
              -100.152597,
              18.811814
            ],
            [
              -100.152523,
              18.811784
            ],
            [
              -100.152461,
              18.811766
            ],
            [
              -100.152359,
              18.811719
            ],
            [
              -100.152327,
              18.811673
            ],
            [
              -100.152288,
              18.811655
            ],
            [
              -100.152235,
              18.81165
            ],
            [
              -100.152184,
              18.811625
            ],
            [
              -100.152106,
              18.811556
            ],
            [
              -100.151694,
              18.811351
            ],
            [
              -100.151597,
              18.811487
            ],
            [
              -100.1515,
              18.811577
            ],
            [
              -100.151403,
              18.811679
            ],
            [
              -100.151327,
              18.811754
            ],
            [
              -100.151217,
              18.811805
            ],
            [
              -100.15109,
              18.811832
            ],
            [
              -100.15101,
              18.811867
            ],
            [
              -100.150892,
              18.811888
            ],
            [
              -100.150759,
              18.811844
            ],
            [
              -100.150666,
              18.811772
            ],
            [
              -100.150339,
              18.811519
            ],
            [
              -100.150074,
              18.811395
            ],
            [
              -100.14983,
              18.811365
            ],
            [
              -100.149701,
              18.811383
            ],
            [
              -100.149584,
              18.811381
            ],
            [
              -100.149485,
              18.811286
            ],
            [
              -100.149319,
              18.81124
            ],
            [
              -100.149164,
              18.811201
            ],
            [
              -100.14901,
              18.811125
            ],
            [
              -100.148918,
              18.811079
            ],
            [
              -100.148798,
              18.81098
            ],
            [
              -100.148712,
              18.810935
            ],
            [
              -100.148626,
              18.810891
            ],
            [
              -100.148596,
              18.81094
            ],
            [
              -100.148563,
              18.811032
            ],
            [
              -100.148554,
              18.811165
            ],
            [
              -100.148467,
              18.811184
            ],
            [
              -100.148345,
              18.811193
            ],
            [
              -100.148195,
              18.811201
            ],
            [
              -100.148036,
              18.811185
            ],
            [
              -100.147873,
              18.811101
            ],
            [
              -100.147755,
              18.811079
            ],
            [
              -100.147676,
              18.811037
            ],
            [
              -100.147599,
              18.811142
            ],
            [
              -100.1475,
              18.811135
            ],
            [
              -100.147451,
              18.811102
            ],
            [
              -100.147401,
              18.811106
            ],
            [
              -100.147021,
              18.810768
            ],
            [
              -100.146946,
              18.810762
            ],
            [
              -100.146714,
              18.810901
            ],
            [
              -100.146556,
              18.810998
            ],
            [
              -100.146381,
              18.810802
            ],
            [
              -100.146204,
              18.810392
            ],
            [
              -100.145844,
              18.809215
            ],
            [
              -100.145631,
              18.808691
            ],
            [
              -100.14554,
              18.808324
            ],
            [
              -100.145447,
              18.808118
            ],
            [
              -100.144987,
              18.807548
            ],
            [
              -100.144802,
              18.807201
            ],
            [
              -100.144854,
              18.807113
            ],
            [
              -100.14492,
              18.806954
            ],
            [
              -100.14498,
              18.806771
            ],
            [
              -100.145117,
              18.806585
            ],
            [
              -100.145282,
              18.806344
            ],
            [
              -100.14543,
              18.80619
            ],
            [
              -100.145646,
              18.806009
            ],
            [
              -100.145846,
              18.805941
            ],
            [
              -100.145996,
              18.80596
            ],
            [
              -100.146242,
              18.806119
            ],
            [
              -100.146393,
              18.806163
            ],
            [
              -100.146546,
              18.806336
            ],
            [
              -100.146749,
              18.80646
            ],
            [
              -100.147086,
              18.806568
            ],
            [
              -100.147164,
              18.806567
            ],
            [
              -100.147306,
              18.806542
            ],
            [
              -100.147442,
              18.806388
            ],
            [
              -100.147602,
              18.806154
            ],
            [
              -100.147716,
              18.80585
            ],
            [
              -100.147742,
              18.80567
            ],
            [
              -100.147752,
              18.805407
            ],
            [
              -100.147661,
              18.805292
            ],
            [
              -100.147623,
              18.805191
            ],
            [
              -100.147639,
              18.805061
            ],
            [
              -100.147729,
              18.804991
            ],
            [
              -100.147879,
              18.804949
            ],
            [
              -100.148032,
              18.804946
            ],
            [
              -100.148188,
              18.804992
            ],
            [
              -100.148334,
              18.805049
            ],
            [
              -100.148513,
              18.805156
            ],
            [
              -100.148668,
              18.805226
            ],
            [
              -100.148759,
              18.805204
            ],
            [
              -100.148873,
              18.805256
            ],
            [
              -100.149122,
              18.805347
            ],
            [
              -100.149399,
              18.805355
            ],
            [
              -100.149622,
              18.805346
            ],
            [
              -100.149839,
              18.805366
            ],
            [
              -100.14998,
              18.8054
            ],
            [
              -100.150166,
              18.805387
            ],
            [
              -100.150343,
              18.805324
            ],
            [
              -100.150432,
              18.805267
            ],
            [
              -100.150568,
              18.805047
            ],
            [
              -100.15063,
              18.804966
            ],
            [
              -100.150671,
              18.804852
            ],
            [
              -100.150653,
              18.804735
            ],
            [
              -100.150719,
              18.804545
            ],
            [
              -100.150799,
              18.804413
            ],
            [
              -100.150878,
              18.804339
            ],
            [
              -100.151003,
              18.804364
            ],
            [
              -100.151246,
              18.804576
            ],
            [
              -100.151319,
              18.804627
            ],
            [
              -100.151469,
              18.804648
            ],
            [
              -100.151603,
              18.804646
            ],
            [
              -100.151736,
              18.80457
            ],
            [
              -100.151853,
              18.804471
            ],
            [
              -100.15197,
              18.804404
            ],
            [
              -100.15213,
              18.804389
            ],
            [
              -100.152259,
              18.804415
            ],
            [
              -100.152433,
              18.804505
            ],
            [
              -100.152605,
              18.804653
            ],
            [
              -100.152774,
              18.804748
            ],
            [
              -100.153,
              18.8048
            ],
            [
              -100.153171,
              18.804807
            ],
            [
              -100.153317,
              18.804774
            ],
            [
              -100.153392,
              18.804781
            ],
            [
              -100.153601,
              18.804861
            ],
            [
              -100.153723,
              18.804865
            ],
            [
              -100.154084,
              18.804755
            ],
            [
              -100.154299,
              18.804711
            ],
            [
              -100.154579,
              18.804765
            ],
            [
              -100.15507,
              18.804881
            ],
            [
              -100.155295,
              18.805022
            ],
            [
              -100.155617,
              18.805202
            ],
            [
              -100.155867,
              18.805302
            ],
            [
              -100.15605,
              18.80536
            ],
            [
              -100.156225,
              18.805357
            ],
            [
              -100.156499,
              18.805302
            ],
            [
              -100.156804,
              18.805353
            ],
            [
              -100.156972,
              18.805397
            ],
            [
              -100.157295,
              18.805517
            ],
            [
              -100.157528,
              18.805544
            ],
            [
              -100.157696,
              18.805549
            ],
            [
              -100.158,
              18.805497
            ],
            [
              -100.158199,
              18.805442
            ],
            [
              -100.158508,
              18.805497
            ],
            [
              -100.158718,
              18.805599
            ],
            [
              -100.158868,
              18.805629
            ],
            [
              -100.159042,
              18.805603
            ],
            [
              -100.159123,
              18.805546
            ],
            [
              -100.15926,
              18.805498
            ],
            [
              -100.159374,
              18.805394
            ],
            [
              -100.159437,
              18.805268
            ],
            [
              -100.159536,
              18.805151
            ],
            [
              -100.159707,
              18.804863
            ],
            [
              -100.159805,
              18.804668
            ],
            [
              -100.159928,
              18.80449
            ],
            [
              -100.160086,
              18.804601
            ],
            [
              -100.160162,
              18.804641
            ],
            [
              -100.160257,
              18.804653
            ],
            [
              -100.160344,
              18.804622
            ],
            [
              -100.160415,
              18.804568
            ],
            [
              -100.160491,
              18.80456
            ],
            [
              -100.160567,
              18.804577
            ],
            [
              -100.160636,
              18.804612
            ],
            [
              -100.160669,
              18.804662
            ],
            [
              -100.16067,
              18.804742
            ],
            [
              -100.160552,
              18.804999
            ],
            [
              -100.160539,
              18.805114
            ],
            [
              -100.160565,
              18.805207
            ],
            [
              -100.160622,
              18.805281
            ],
            [
              -100.160733,
              18.805372
            ],
            [
              -100.160783,
              18.805327
            ],
            [
              -100.160893,
              18.805436
            ],
            [
              -100.160691,
              18.805938
            ],
            [
              -100.160608,
              18.806486
            ],
            [
              -100.160511,
              18.806571
            ],
            [
              -100.160407,
              18.806594
            ],
            [
              -100.160315,
              18.80665
            ],
            [
              -100.160228,
              18.806721
            ],
            [
              -100.16014,
              18.806864
            ],
            [
              -100.160094,
              18.80697
            ],
            [
              -100.160106,
              18.807104
            ],
            [
              -100.16005,
              18.807348
            ],
            [
              -100.159937,
              18.8075
            ],
            [
              -100.159735,
              18.807666
            ],
            [
              -100.159585,
              18.807797
            ],
            [
              -100.159532,
              18.807875
            ],
            [
              -100.159398,
              18.808276
            ],
            [
              -100.159302,
              18.808412
            ],
            [
              -100.159191,
              18.808476
            ],
            [
              -100.159094,
              18.808513
            ],
            [
              -100.15897,
              18.808594
            ],
            [
              -100.158887,
              18.80867
            ],
            [
              -100.158772,
              18.808838
            ],
            [
              -100.158661,
              18.808893
            ],
            [
              -100.158553,
              18.808916
            ],
            [
              -100.158419,
              18.808923
            ]
          ]
        ]
      }
    },
    {
      "type": "Feature",
      "properties": {
        "nombre": "PUERTO DEL AIRE",
        "area_ha": 3.6,
        "vertices": 28,
        "localidad_fuente": "Puerto del Aire",
        "poblacion_total": 576,
        "pct_total_municipal": 0.7,
        "fuente_poblacion": "PDM Tejupilco 2025-2027, Cuadro 26 (Censo INEGI 2020)",
        "capa": "localidades",
        "estado_evidencia": "geometria_derivada_fuente_primaria_pendiente"
      },
      "geometry": {
        "type": "Polygon",
        "coordinates": [
          [
            [
              -100.182121,
              18.826892
            ],
            [
              -100.181623,
              18.826734
            ],
            [
              -100.182075,
              18.826398
            ],
            [
              -100.182226,
              18.82626
            ],
            [
              -100.182278,
              18.826107
            ],
            [
              -100.182202,
              18.82583
            ],
            [
              -100.182392,
              18.825429
            ],
            [
              -100.182155,
              18.825083
            ],
            [
              -100.182346,
              18.824968
            ],
            [
              -100.182547,
              18.824942
            ],
            [
              -100.182727,
              18.824913
            ],
            [
              -100.182784,
              18.824882
            ],
            [
              -100.182847,
              18.824787
            ],
            [
              -100.182902,
              18.824711
            ],
            [
              -100.18304,
              18.824783
            ],
            [
              -100.182984,
              18.824948
            ],
            [
              -100.182963,
              18.825198
            ],
            [
              -100.182977,
              18.82537
            ],
            [
              -100.183147,
              18.825498
            ],
            [
              -100.183461,
              18.82554
            ],
            [
              -100.183578,
              18.825723
            ],
            [
              -100.183753,
              18.826115
            ],
            [
              -100.183869,
              18.826453
            ],
            [
              -100.183914,
              18.826827
            ],
            [
              -100.184048,
              18.827235
            ],
            [
              -100.183288,
              18.827163
            ],
            [
              -100.182692,
              18.826986
            ],
            [
              -100.182121,
              18.826892
            ]
          ]
        ]
      }
    },
    {
      "type": "Feature",
      "properties": {
        "nombre": "TEJUPILCO DE HIDALGO",
        "area_ha": 1087.4,
        "vertices": 743,
        "localidad_fuente": "Tejupilco de Hidalgo",
        "poblacion_total": 30967,
        "pct_total_municipal": 39.1,
        "fuente_poblacion": "PDM Tejupilco 2025-2027, Cuadro 26 (Censo INEGI 2020)",
        "capa": "localidades",
        "estado_evidencia": "geometria_derivada_fuente_primaria_pendiente"
      },
      "geometry": {
        "type": "Polygon",
        "coordinates": [
          [
            [
              -100.159968,
              18.902499
            ],
            [
              -100.15976,
              18.902622
            ],
            [
              -100.159295,
              18.902995
            ],
            [
              -100.158949,
              18.903402
            ],
            [
              -100.158968,
              18.903446
            ],
            [
              -100.159131,
              18.904078
            ],
            [
              -100.159307,
              18.904689
            ],
            [
              -100.159514,
              18.905408
            ],
            [
              -100.159515,
              18.905524
            ],
            [
              -100.159803,
              18.905846
            ],
            [
              -100.159987,
              18.905946
            ],
            [
              -100.160765,
              18.90631
            ],
            [
              -100.160815,
              18.90581
            ],
            [
              -100.161673,
              18.905883
            ],
            [
              -100.161806,
              18.906015
            ],
            [
              -100.162,
              18.90624
            ],
            [
              -100.162253,
              18.906283
            ],
            [
              -100.162537,
              18.906179
            ],
            [
              -100.16285,
              18.906082
            ],
            [
              -100.163158,
              18.906116
            ],
            [
              -100.163434,
              18.906158
            ],
            [
              -100.163626,
              18.906128
            ],
            [
              -100.163878,
              18.906031
            ],
            [
              -100.164254,
              18.906022
            ],
            [
              -100.164585,
              18.906115
            ],
            [
              -100.165077,
              18.906316
            ],
            [
              -100.16533,
              18.906322
            ],
            [
              -100.165969,
              18.906588
            ],
            [
              -100.166267,
              18.906462
            ],
            [
              -100.166719,
              18.906262
            ],
            [
              -100.166902,
              18.906188
            ],
            [
              -100.167001,
              18.90599
            ],
            [
              -100.167177,
              18.906055
            ],
            [
              -100.167355,
              18.906258
            ],
            [
              -100.167633,
              18.906526
            ],
            [
              -100.167803,
              18.906701
            ],
            [
              -100.16805,
              18.906809
            ],
            [
              -100.168196,
              18.906954
            ],
            [
              -100.168398,
              18.907186
            ],
            [
              -100.168644,
              18.907352
            ],
            [
              -100.168775,
              18.907439
            ],
            [
              -100.168953,
              18.90765
            ],
            [
              -100.169077,
              18.90781
            ],
            [
              -100.169208,
              18.907838
            ],
            [
              -100.169484,
              18.90788
            ],
            [
              -100.169799,
              18.907944
            ],
            [
              -100.169882,
              18.907717
            ],
            [
              -100.169895,
              18.907403
            ],
            [
              -100.169979,
              18.907381
            ],
            [
              -100.17011,
              18.907424
            ],
            [
              -100.170339,
              18.907225
            ],
            [
              -100.170377,
              18.90713
            ],
            [
              -100.170607,
              18.907165
            ],
            [
              -100.170741,
              18.907157
            ],
            [
              -100.170903,
              18.90702
            ],
            [
              -100.170947,
              18.907028
            ],
            [
              -100.171063,
              18.907046
            ],
            [
              -100.171192,
              18.907063
            ],
            [
              -100.171373,
              18.90708
            ],
            [
              -100.171508,
              18.907095
            ],
            [
              -100.171785,
              18.90713
            ],
            [
              -100.171977,
              18.907134
            ],
            [
              -100.172112,
              18.907185
            ],
            [
              -100.172247,
              18.907273
            ],
            [
              -100.172377,
              18.907338
            ],
            [
              -100.172515,
              18.907379
            ],
            [
              -100.172658,
              18.90744
            ],
            [
              -100.172947,
              18.907546
            ],
            [
              -100.172994,
              18.907608
            ],
            [
              -100.172852,
              18.907734
            ],
            [
              -100.172728,
              18.907783
            ],
            [
              -100.172628,
              18.907976
            ],
            [
              -100.172535,
              18.908122
            ],
            [
              -100.172436,
              18.908308
            ],
            [
              -100.17228,
              18.908658
            ],
            [
              -100.17218,
              18.908873
            ],
            [
              -100.172055,
              18.909064
            ],
            [
              -100.172021,
              18.909134
            ],
            [
              -100.171988,
              18.909205
            ],
            [
              -100.171903,
              18.909269
            ],
            [
              -100.171891,
              18.909282
            ],
            [
              -100.171878,
              18.909296
            ],
            [
              -100.171852,
              18.909323
            ],
            [
              -100.171713,
              18.90938
            ],
            [
              -100.171549,
              18.909425
            ],
            [
              -100.171397,
              18.909472
            ],
            [
              -100.171282,
              18.909544
            ],
            [
              -100.171158,
              18.909611
            ],
            [
              -100.170912,
              18.909697
            ],
            [
              -100.170732,
              18.909729
            ],
            [
              -100.170633,
              18.909799
            ],
            [
              -100.170559,
              18.90993
            ],
            [
              -100.170517,
              18.910094
            ],
            [
              -100.170448,
              18.910268
            ],
            [
              -100.170363,
              18.910358
            ],
            [
              -100.170267,
              18.910418
            ],
            [
              -100.170149,
              18.910508
            ],
            [
              -100.170012,
              18.910573
            ],
            [
              -100.169917,
              18.910642
            ],
            [
              -100.169865,
              18.910704
            ],
            [
              -100.169823,
              18.910801
            ],
            [
              -100.169829,
              18.910878
            ],
            [
              -100.169825,
              18.911016
            ],
            [
              -100.169861,
              18.911238
            ],
            [
              -100.169895,
              18.911479
            ],
            [
              -100.169875,
              18.911694
            ],
            [
              -100.169839,
              18.911873
            ],
            [
              -100.169735,
              18.912007
            ],
            [
              -100.169612,
              18.912094
            ],
            [
              -100.16951,
              18.912161
            ],
            [
              -100.169387,
              18.912252
            ],
            [
              -100.169286,
              18.912347
            ],
            [
              -100.169251,
              18.912429
            ],
            [
              -100.169228,
              18.912526
            ],
            [
              -100.169191,
              18.912621
            ],
            [
              -100.1692,
              18.912716
            ],
            [
              -100.16927,
              18.912825
            ],
            [
              -100.1694,
              18.912942
            ],
            [
              -100.169538,
              18.913138
            ],
            [
              -100.169604,
              18.913335
            ],
            [
              -100.169654,
              18.913565
            ],
            [
              -100.169654,
              18.913956
            ],
            [
              -100.169566,
              18.913997
            ],
            [
              -100.169457,
              18.914159
            ],
            [
              -100.169453,
              18.914323
            ],
            [
              -100.169456,
              18.914492
            ],
            [
              -100.169444,
              18.91465
            ],
            [
              -100.169427,
              18.914914
            ],
            [
              -100.169463,
              18.915108
            ],
            [
              -100.169467,
              18.915203
            ],
            [
              -100.168508,
              18.915041
            ],
            [
              -100.167864,
              18.91488
            ],
            [
              -100.167187,
              18.91475
            ],
            [
              -100.166673,
              18.914759
            ],
            [
              -100.166116,
              18.914738
            ],
            [
              -100.165748,
              18.914722
            ],
            [
              -100.165059,
              18.914693
            ],
            [
              -100.164892,
              18.914707
            ],
            [
              -100.164563,
              18.914582
            ],
            [
              -100.164334,
              18.914418
            ],
            [
              -100.164139,
              18.91433
            ],
            [
              -100.163964,
              18.914184
            ],
            [
              -100.163824,
              18.914153
            ],
            [
              -100.163623,
              18.914129
            ],
            [
              -100.162814,
              18.914249
            ],
            [
              -100.162505,
              18.914206
            ],
            [
              -100.162259,
              18.914322
            ],
            [
              -100.162072,
              18.914445
            ],
            [
              -100.161833,
              18.91465
            ],
            [
              -100.161594,
              18.914925
            ],
            [
              -100.161508,
              18.915168
            ],
            [
              -100.161438,
              18.915589
            ],
            [
              -100.161255,
              18.91631
            ],
            [
              -100.161171,
              18.916674
            ],
            [
              -100.161097,
              18.917082
            ],
            [
              -100.16111,
              18.91731
            ],
            [
              -100.161033,
              18.917625
            ],
            [
              -100.161025,
              18.917659
            ],
            [
              -100.160921,
              18.917818
            ],
            [
              -100.160648,
              18.918395
            ],
            [
              -100.160195,
              18.918782
            ],
            [
              -100.159522,
              18.919032
            ],
            [
              -100.15895,
              18.919188
            ],
            [
              -100.158563,
              18.919389
            ],
            [
              -100.158497,
              18.919646
            ],
            [
              -100.157967,
              18.91972
            ],
            [
              -100.157685,
              18.920056
            ],
            [
              -100.15744,
              18.920221
            ],
            [
              -100.157233,
              18.920278
            ],
            [
              -100.157005,
              18.920778
            ],
            [
              -100.156524,
              18.92104
            ],
            [
              -100.156119,
              18.921047
            ],
            [
              -100.155544,
              18.92059
            ],
            [
              -100.15405,
              18.920032
            ],
            [
              -100.153979,
              18.916936
            ],
            [
              -100.153527,
              18.915895
            ],
            [
              -100.153346,
              18.915949
            ],
            [
              -100.153271,
              18.91595
            ],
            [
              -100.153207,
              18.915883
            ],
            [
              -100.153171,
              18.915784
            ],
            [
              -100.153177,
              18.915231
            ],
            [
              -100.15314,
              18.914972
            ],
            [
              -100.153114,
              18.914918
            ],
            [
              -100.152413,
              18.91497
            ],
            [
              -100.152102,
              18.915041
            ],
            [
              -100.151928,
              18.915101
            ],
            [
              -100.151738,
              18.915249
            ],
            [
              -100.151667,
              18.915339
            ],
            [
              -100.151649,
              18.915443
            ],
            [
              -100.151616,
              18.915526
            ],
            [
              -100.151542,
              18.915543
            ],
            [
              -100.151489,
              18.915392
            ],
            [
              -100.15142,
              18.915104
            ],
            [
              -100.151398,
              18.914906
            ],
            [
              -100.151317,
              18.914907
            ],
            [
              -100.151269,
              18.914908
            ],
            [
              -100.151243,
              18.915162
            ],
            [
              -100.151263,
              18.91552
            ],
            [
              -100.151297,
              18.915702
            ],
            [
              -100.151436,
              18.916468
            ],
            [
              -100.151586,
              18.91733
            ],
            [
              -100.151605,
              18.917467
            ],
            [
              -100.151574,
              18.917632
            ],
            [
              -100.151303,
              18.918017
            ],
            [
              -100.15168,
              18.918359
            ],
            [
              -100.152136,
              18.919119
            ],
            [
              -100.151991,
              18.919862
            ],
            [
              -100.151939,
              18.920563
            ],
            [
              -100.151543,
              18.921561
            ],
            [
              -100.149771,
              18.921763
            ],
            [
              -100.149796,
              18.922114
            ],
            [
              -100.149592,
              18.922152
            ],
            [
              -100.149464,
              18.922211
            ],
            [
              -100.149015,
              18.92233
            ],
            [
              -100.148755,
              18.92282
            ],
            [
              -100.148687,
              18.923368
            ],
            [
              -100.149534,
              18.924083
            ],
            [
              -100.149649,
              18.924234
            ],
            [
              -100.149685,
              18.924412
            ],
            [
              -100.149654,
              18.924606
            ],
            [
              -100.149562,
              18.924747
            ],
            [
              -100.149315,
              18.924899
            ],
            [
              -100.149057,
              18.924972
            ],
            [
              -100.148836,
              18.925091
            ],
            [
              -100.148736,
              18.925209
            ],
            [
              -100.148708,
              18.925368
            ],
            [
              -100.148728,
              18.925646
            ],
            [
              -100.148706,
              18.926055
            ],
            [
              -100.148682,
              18.926232
            ],
            [
              -100.148578,
              18.926384
            ],
            [
              -100.14842,
              18.926535
            ],
            [
              -100.14819,
              18.926731
            ],
            [
              -100.148061,
              18.926942
            ],
            [
              -100.147989,
              18.927474
            ],
            [
              -100.147902,
              18.927647
            ],
            [
              -100.14782,
              18.92776
            ],
            [
              -100.14766,
              18.927864
            ],
            [
              -100.147345,
              18.928015
            ],
            [
              -100.14722,
              18.928137
            ],
            [
              -100.147153,
              18.928296
            ],
            [
              -100.147152,
              18.928518
            ],
            [
              -100.147196,
              18.928688
            ],
            [
              -100.147383,
              18.929011
            ],
            [
              -100.147446,
              18.929124
            ],
            [
              -100.147575,
              18.929443
            ],
            [
              -100.147717,
              18.929718
            ],
            [
              -100.147841,
              18.929974
            ],
            [
              -100.147881,
              18.930173
            ],
            [
              -100.147956,
              18.930456
            ],
            [
              -100.148027,
              18.930583
            ],
            [
              -100.148117,
              18.930701
            ],
            [
              -100.148211,
              18.930871
            ],
            [
              -100.148349,
              18.931076
            ],
            [
              -100.148353,
              18.931243
            ],
            [
              -100.148299,
              18.93143
            ],
            [
              -100.148243,
              18.931543
            ],
            [
              -100.148222,
              18.931561
            ],
            [
              -100.148206,
              18.931575
            ],
            [
              -100.148138,
              18.931631
            ],
            [
              -100.148003,
              18.931745
            ],
            [
              -100.147762,
              18.931866
            ],
            [
              -100.147651,
              18.931776
            ],
            [
              -100.147547,
              18.9317
            ],
            [
              -100.147439,
              18.931606
            ],
            [
              -100.147366,
              18.931494
            ],
            [
              -100.147315,
              18.931363
            ],
            [
              -100.147302,
              18.931155
            ],
            [
              -100.147297,
              18.93097
            ],
            [
              -100.147262,
              18.930777
            ],
            [
              -100.147199,
              18.930632
            ],
            [
              -100.147137,
              18.93045
            ],
            [
              -100.147067,
              18.930326
            ],
            [
              -100.146932,
              18.930116
            ],
            [
              -100.146831,
              18.929898
            ],
            [
              -100.146683,
              18.9296
            ],
            [
              -100.146609,
              18.929346
            ],
            [
              -100.146532,
              18.929332
            ],
            [
              -100.146483,
              18.929474
            ],
            [
              -100.146489,
              18.929689
            ],
            [
              -100.146463,
              18.929824
            ],
            [
              -100.146494,
              18.929973
            ],
            [
              -100.146534,
              18.930115
            ],
            [
              -100.146581,
              18.930282
            ],
            [
              -100.14659,
              18.930508
            ],
            [
              -100.146633,
              18.930671
            ],
            [
              -100.14668,
              18.930831
            ],
            [
              -100.146612,
              18.931003
            ],
            [
              -100.146511,
              18.931219
            ],
            [
              -100.146431,
              18.93135
            ],
            [
              -100.146298,
              18.931416
            ],
            [
              -100.146122,
              18.931428
            ],
            [
              -100.14598,
              18.93148
            ],
            [
              -100.145866,
              18.931565
            ],
            [
              -100.145813,
              18.931653
            ],
            [
              -100.145814,
              18.931787
            ],
            [
              -100.14588,
              18.931922
            ],
            [
              -100.145916,
              18.932068
            ],
            [
              -100.14592,
              18.932133
            ],
            [
              -100.145931,
              18.932195
            ],
            [
              -100.145919,
              18.932248
            ],
            [
              -100.145897,
              18.932288
            ],
            [
              -100.145806,
              18.932354
            ],
            [
              -100.145723,
              18.932389
            ],
            [
              -100.145598,
              18.932438
            ],
            [
              -100.145532,
              18.932473
            ],
            [
              -100.145472,
              18.932539
            ],
            [
              -100.14546,
              18.932556
            ],
            [
              -100.145428,
              18.932682
            ],
            [
              -100.145427,
              18.932764
            ],
            [
              -100.145407,
              18.932806
            ],
            [
              -100.145362,
              18.932813
            ],
            [
              -100.145275,
              18.932791
            ],
            [
              -100.145156,
              18.93278
            ],
            [
              -100.145046,
              18.932773
            ],
            [
              -100.144939,
              18.932791
            ],
            [
              -100.144809,
              18.932808
            ],
            [
              -100.144717,
              18.932825
            ],
            [
              -100.14452,
              18.932921
            ],
            [
              -100.144411,
              18.93302
            ],
            [
              -100.144274,
              18.933072
            ],
            [
              -100.144086,
              18.933117
            ],
            [
              -100.143987,
              18.933171
            ],
            [
              -100.143877,
              18.933206
            ],
            [
              -100.143758,
              18.933212
            ],
            [
              -100.143559,
              18.933252
            ],
            [
              -100.143447,
              18.933255
            ],
            [
              -100.143378,
              18.933269
            ],
            [
              -100.143374,
              18.933309
            ],
            [
              -100.143263,
              18.933563
            ],
            [
              -100.143167,
              18.933709
            ],
            [
              -100.142983,
              18.933894
            ],
            [
              -100.142791,
              18.934064
            ],
            [
              -100.142598,
              18.93415
            ],
            [
              -100.142381,
              18.934305
            ],
            [
              -100.142164,
              18.934352
            ],
            [
              -100.141954,
              18.934384
            ],
            [
              -100.141785,
              18.934355
            ],
            [
              -100.14172,
              18.934401
            ],
            [
              -100.141596,
              18.933872
            ],
            [
              -100.141449,
              18.933582
            ],
            [
              -100.141206,
              18.933399
            ],
            [
              -100.140625,
              18.933479
            ],
            [
              -100.140272,
              18.933727
            ],
            [
              -100.139934,
              18.933775
            ],
            [
              -100.139547,
              18.933777
            ],
            [
              -100.139208,
              18.933764
            ],
            [
              -100.13882,
              18.933582
            ],
            [
              -100.138449,
              18.933615
            ],
            [
              -100.13824,
              18.933739
            ],
            [
              -100.138015,
              18.933802
            ],
            [
              -100.137838,
              18.933926
            ],
            [
              -100.137742,
              18.934019
            ],
            [
              -100.137131,
              18.934207
            ],
            [
              -100.136583,
              18.934287
            ],
            [
              -100.135985,
              18.934137
            ],
            [
              -100.134965,
              18.933591
            ],
            [
              -100.134188,
              18.933104
            ],
            [
              -100.133605,
              18.932801
            ],
            [
              -100.132458,
              18.932455
            ],
            [
              -100.131701,
              18.932521
            ],
            [
              -100.131153,
              18.932616
            ],
            [
              -100.131097,
              18.932621
            ],
            [
              -100.130573,
              18.932666
            ],
            [
              -100.13025,
              18.932699
            ],
            [
              -100.129993,
              18.932869
            ],
            [
              -100.129833,
              18.93307
            ],
            [
              -100.129818,
              18.933116
            ],
            [
              -100.129811,
              18.933158
            ],
            [
              -100.129753,
              18.93314
            ],
            [
              -100.128645,
              18.932869
            ],
            [
              -100.127962,
              18.932631
            ],
            [
              -100.127512,
              18.932483
            ],
            [
              -100.12678,
              18.932094
            ],
            [
              -100.126268,
              18.931901
            ],
            [
              -100.125926,
              18.93159
            ],
            [
              -100.125546,
              18.931319
            ],
            [
              -100.125327,
              18.931189
            ],
            [
              -100.125181,
              18.931144
            ],
            [
              -100.124938,
              18.931041
            ],
            [
              -100.12429,
              18.930582
            ],
            [
              -100.123874,
              18.93018
            ],
            [
              -100.123313,
              18.929813
            ],
            [
              -100.122484,
              18.929402
            ],
            [
              -100.1219,
              18.928711
            ],
            [
              -100.119745,
              18.928222
            ],
            [
              -100.120312,
              18.927685
            ],
            [
              -100.12066,
              18.926598
            ],
            [
              -100.12079,
              18.925592
            ],
            [
              -100.120788,
              18.924917
            ],
            [
              -100.120895,
              18.924391
            ],
            [
              -100.121329,
              18.923876
            ],
            [
              -100.121983,
              18.92367
            ],
            [
              -100.122601,
              18.923716
            ],
            [
              -100.123182,
              18.923694
            ],
            [
              -100.123593,
              18.923465
            ],
            [
              -100.12416,
              18.922859
            ],
            [
              -100.124838,
              18.92263
            ],
            [
              -100.125333,
              18.92239
            ],
            [
              -100.126882,
              18.921842
            ],
            [
              -100.127357,
              18.922053
            ],
            [
              -100.127664,
              18.921912
            ],
            [
              -100.127802,
              18.921865
            ],
            [
              -100.127939,
              18.921818
            ],
            [
              -100.12828,
              18.921831
            ],
            [
              -100.128556,
              18.92183
            ],
            [
              -100.128734,
              18.921768
            ],
            [
              -100.128734,
              18.92172
            ],
            [
              -100.128734,
              18.921689
            ],
            [
              -100.128684,
              18.921566
            ],
            [
              -100.128667,
              18.921489
            ],
            [
              -100.128634,
              18.921428
            ],
            [
              -100.128585,
              18.921273
            ],
            [
              -100.12847,
              18.92112
            ],
            [
              -100.128323,
              18.920904
            ],
            [
              -100.128159,
              18.920782
            ],
            [
              -100.127866,
              18.920552
            ],
            [
              -100.127671,
              18.92046
            ],
            [
              -100.12763,
              18.920428
            ],
            [
              -100.127673,
              18.920422
            ],
            [
              -100.127888,
              18.920369
            ],
            [
              -100.12802,
              18.920333
            ],
            [
              -100.128198,
              18.920241
            ],
            [
              -100.128312,
              18.920144
            ],
            [
              -100.128397,
              18.919961
            ],
            [
              -100.128488,
              18.919839
            ],
            [
              -100.128597,
              18.919681
            ],
            [
              -100.128792,
              18.919549
            ],
            [
              -100.128892,
              18.919462
            ],
            [
              -100.129024,
              18.919304
            ],
            [
              -100.129324,
              18.919072
            ],
            [
              -100.129493,
              18.918958
            ],
            [
              -100.129684,
              18.918887
            ],
            [
              -100.129944,
              18.918811
            ],
            [
              -100.130245,
              18.918701
            ],
            [
              -100.130749,
              18.91875
            ],
            [
              -100.130991,
              18.918696
            ],
            [
              -100.131137,
              18.91863
            ],
            [
              -100.131246,
              18.918494
            ],
            [
              -100.131272,
              18.918359
            ],
            [
              -100.131546,
              18.918227
            ],
            [
              -100.132061,
              18.918059
            ],
            [
              -100.132459,
              18.918034
            ],
            [
              -100.132788,
              18.917989
            ],
            [
              -100.133149,
              18.91803
            ],
            [
              -100.133606,
              18.91798
            ],
            [
              -100.133972,
              18.917925
            ],
            [
              -100.1343,
              18.91784
            ],
            [
              -100.134743,
              18.917755
            ],
            [
              -100.134783,
              18.917747
            ],
            [
              -100.134878,
              18.91771
            ],
            [
              -100.135002,
              18.91772
            ],
            [
              -100.135174,
              18.917732
            ],
            [
              -100.135414,
              18.917782
            ],
            [
              -100.135558,
              18.917837
            ],
            [
              -100.135677,
              18.917917
            ],
            [
              -100.135742,
              18.917983
            ],
            [
              -100.135901,
              18.918084
            ],
            [
              -100.136036,
              18.918129
            ],
            [
              -100.136141,
              18.918185
            ],
            [
              -100.136251,
              18.918238
            ],
            [
              -100.136384,
              18.918334
            ],
            [
              -100.136512,
              18.91847
            ],
            [
              -100.136535,
              18.918469
            ],
            [
              -100.136528,
              18.918333
            ],
            [
              -100.136527,
              18.918225
            ],
            [
              -100.136546,
              18.918105
            ],
            [
              -100.136551,
              18.917978
            ],
            [
              -100.136523,
              18.917803
            ],
            [
              -100.136516,
              18.917764
            ],
            [
              -100.136515,
              18.917603
            ],
            [
              -100.136508,
              18.91748
            ],
            [
              -100.136505,
              18.917337
            ],
            [
              -100.136523,
              18.917206
            ],
            [
              -100.136571,
              18.917085
            ],
            [
              -100.136643,
              18.916948
            ],
            [
              -100.136718,
              18.916864
            ],
            [
              -100.136816,
              18.916783
            ],
            [
              -100.136884,
              18.916702
            ],
            [
              -100.136959,
              18.916603
            ],
            [
              -100.137082,
              18.916524
            ],
            [
              -100.137172,
              18.916489
            ],
            [
              -100.137214,
              18.916427
            ],
            [
              -100.137211,
              18.916357
            ],
            [
              -100.137205,
              18.916258
            ],
            [
              -100.137176,
              18.916188
            ],
            [
              -100.137122,
              18.916119
            ],
            [
              -100.137088,
              18.916055
            ],
            [
              -100.137064,
              18.915942
            ],
            [
              -100.137098,
              18.915851
            ],
            [
              -100.137151,
              18.915757
            ],
            [
              -100.137223,
              18.915662
            ],
            [
              -100.137245,
              18.915574
            ],
            [
              -100.137292,
              18.915445
            ],
            [
              -100.137277,
              18.915305
            ],
            [
              -100.137299,
              18.915171
            ],
            [
              -100.137295,
              18.915031
            ],
            [
              -100.137297,
              18.914935
            ],
            [
              -100.137333,
              18.914801
            ],
            [
              -100.137344,
              18.914699
            ],
            [
              -100.137329,
              18.914632
            ],
            [
              -100.137281,
              18.914551
            ],
            [
              -100.137229,
              18.914474
            ],
            [
              -100.137172,
              18.914402
            ],
            [
              -100.137124,
              18.914335
            ],
            [
              -100.137073,
              18.914284
            ],
            [
              -100.137016,
              18.914237
            ],
            [
              -100.136943,
              18.914194
            ],
            [
              -100.136884,
              18.914159
            ],
            [
              -100.136784,
              18.914107
            ],
            [
              -100.136688,
              18.914029
            ],
            [
              -100.136711,
              18.914025
            ],
            [
              -100.13676,
              18.914025
            ],
            [
              -100.136852,
              18.913978
            ],
            [
              -100.136985,
              18.913954
            ],
            [
              -100.137068,
              18.913917
            ],
            [
              -100.137196,
              18.913863
            ],
            [
              -100.137303,
              18.913834
            ],
            [
              -100.137429,
              18.913817
            ],
            [
              -100.13755,
              18.913761
            ],
            [
              -100.1377,
              18.913753
            ],
            [
              -100.137798,
              18.913776
            ],
            [
              -100.137973,
              18.913759
            ],
            [
              -100.1381,
              18.913719
            ],
            [
              -100.138222,
              18.913692
            ],
            [
              -100.138389,
              18.91362
            ],
            [
              -100.138484,
              18.913578
            ],
            [
              -100.138524,
              18.913483
            ],
            [
              -100.138546,
              18.913402
            ],
            [
              -100.138608,
              18.913269
            ],
            [
              -100.138656,
              18.913158
            ],
            [
              -100.138721,
              18.913079
            ],
            [
              -100.138754,
              18.912989
            ],
            [
              -100.138768,
              18.912862
            ],
            [
              -100.138774,
              18.91273
            ],
            [
              -100.138764,
              18.912612
            ],
            [
              -100.138768,
              18.912455
            ],
            [
              -100.138781,
              18.912337
            ],
            [
              -100.138781,
              18.912231
            ],
            [
              -100.13881,
              18.9121
            ],
            [
              -100.13883,
              18.911953
            ],
            [
              -100.13886,
              18.911798
            ],
            [
              -100.138934,
              18.911615
            ],
            [
              -100.138975,
              18.91152
            ],
            [
              -100.139011,
              18.911441
            ],
            [
              -100.139037,
              18.91136
            ],
            [
              -100.13907,
              18.911263
            ],
            [
              -100.139087,
              18.911186
            ],
            [
              -100.139096,
              18.911147
            ],
            [
              -100.139113,
              18.911084
            ],
            [
              -100.139173,
              18.910996
            ],
            [
              -100.139221,
              18.910897
            ],
            [
              -100.139334,
              18.910706
            ],
            [
              -100.139422,
              18.910539
            ],
            [
              -100.139545,
              18.910328
            ],
            [
              -100.139781,
              18.910031
            ],
            [
              -100.139918,
              18.909788
            ],
            [
              -100.139992,
              18.909662
            ],
            [
              -100.140037,
              18.909535
            ],
            [
              -100.140046,
              18.909398
            ],
            [
              -100.140033,
              18.909313
            ],
            [
              -100.140033,
              18.909191
            ],
            [
              -100.140024,
              18.90908
            ],
            [
              -100.140028,
              18.909071
            ],
            [
              -100.140023,
              18.908944
            ],
            [
              -100.139925,
              18.908878
            ],
            [
              -100.139843,
              18.908813
            ],
            [
              -100.139834,
              18.908697
            ],
            [
              -100.139833,
              18.908399
            ],
            [
              -100.139859,
              18.908245
            ],
            [
              -100.139796,
              18.908138
            ],
            [
              -100.139757,
              18.908025
            ],
            [
              -100.139744,
              18.90794
            ],
            [
              -100.139755,
              18.907857
            ],
            [
              -100.139762,
              18.907784
            ],
            [
              -100.139799,
              18.907719
            ],
            [
              -100.139854,
              18.907521
            ],
            [
              -100.139882,
              18.907398
            ],
            [
              -100.139906,
              18.907236
            ],
            [
              -100.139924,
              18.907155
            ],
            [
              -100.139952,
              18.907056
            ],
            [
              -100.140007,
              18.906967
            ],
            [
              -100.140087,
              18.906842
            ],
            [
              -100.140115,
              18.906803
            ],
            [
              -100.140148,
              18.906748
            ],
            [
              -100.140178,
              18.906679
            ],
            [
              -100.14019,
              18.906592
            ],
            [
              -100.140203,
              18.906494
            ],
            [
              -100.140216,
              18.906371
            ],
            [
              -100.140222,
              18.906235
            ],
            [
              -100.140229,
              18.905993
            ],
            [
              -100.140261,
              18.905767
            ],
            [
              -100.140314,
              18.905593
            ],
            [
              -100.140315,
              18.905567
            ],
            [
              -100.140337,
              18.905468
            ],
            [
              -100.140337,
              18.905411
            ],
            [
              -100.140334,
              18.905316
            ],
            [
              -100.140345,
              18.905241
            ],
            [
              -100.140331,
              18.90515
            ],
            [
              -100.140314,
              18.905038
            ],
            [
              -100.140292,
              18.904968
            ],
            [
              -100.140244,
              18.904768
            ],
            [
              -100.140229,
              18.904702
            ],
            [
              -100.140201,
              18.904609
            ],
            [
              -100.14018,
              18.904516
            ],
            [
              -100.14016,
              18.904399
            ],
            [
              -100.140124,
              18.904307
            ],
            [
              -100.140076,
              18.904176
            ],
            [
              -100.140023,
              18.904101
            ],
            [
              -100.140003,
              18.904049
            ],
            [
              -100.140004,
              18.903983
            ],
            [
              -100.140048,
              18.903885
            ],
            [
              -100.140175,
              18.903775
            ],
            [
              -100.140258,
              18.903683
            ],
            [
              -100.140385,
              18.903579
            ],
            [
              -100.140499,
              18.903427
            ],
            [
              -100.140714,
              18.90317
            ],
            [
              -100.140917,
              18.902938
            ],
            [
              -100.141062,
              18.902791
            ],
            [
              -100.141202,
              18.902614
            ],
            [
              -100.14129,
              18.902517
            ],
            [
              -100.141429,
              18.902267
            ],
            [
              -100.141588,
              18.902126
            ],
            [
              -100.141727,
              18.902034
            ],
            [
              -100.141937,
              18.901942
            ],
            [
              -100.142167,
              18.901849
            ],
            [
              -100.142281,
              18.901769
            ],
            [
              -100.142478,
              18.901703
            ],
            [
              -100.142606,
              18.901622
            ],
            [
              -100.142681,
              18.901494
            ],
            [
              -100.142885,
              18.901359
            ],
            [
              -100.143018,
              18.901236
            ],
            [
              -100.143184,
              18.901235
            ],
            [
              -100.143287,
              18.901368
            ],
            [
              -100.143403,
              18.901519
            ],
            [
              -100.143602,
              18.901658
            ],
            [
              -100.143826,
              18.901821
            ],
            [
              -100.144057,
              18.901977
            ],
            [
              -100.144326,
              18.902182
            ],
            [
              -100.144499,
              18.902278
            ],
            [
              -100.144588,
              18.902223
            ],
            [
              -100.144652,
              18.90215
            ],
            [
              -100.144741,
              18.902088
            ],
            [
              -100.144866,
              18.90198
            ],
            [
              -100.144956,
              18.901887
            ],
            [
              -100.145093,
              18.901915
            ],
            [
              -100.145251,
              18.901856
            ],
            [
              -100.144669,
              18.901449
            ],
            [
              -100.144159,
              18.901189
            ],
            [
              -100.143699,
              18.901089
            ],
            [
              -100.143048,
              18.900827
            ],
            [
              -100.142911,
              18.900399
            ],
            [
              -100.14257,
              18.900659
            ],
            [
              -100.142103,
              18.899778
            ],
            [
              -100.142052,
              18.899384
            ],
            [
              -100.141507,
              18.897546
            ],
            [
              -100.140807,
              18.896985
            ],
            [
              -100.137072,
              18.896357
            ],
            [
              -100.136843,
              18.896071
            ],
            [
              -100.136854,
              18.893695
            ],
            [
              -100.137248,
              18.893665
            ],
            [
              -100.137725,
              18.893317
            ],
            [
              -100.138559,
              18.89321
            ],
            [
              -100.138654,
              18.893059
            ],
            [
              -100.138509,
              18.892729
            ],
            [
              -100.138425,
              18.892613
            ],
            [
              -100.138271,
              18.892301
            ],
            [
              -100.1382,
              18.891903
            ],
            [
              -100.138325,
              18.891354
            ],
            [
              -100.138335,
              18.891309
            ],
            [
              -100.138349,
              18.891281
            ],
            [
              -100.138423,
              18.891118
            ],
            [
              -100.138513,
              18.89069
            ],
            [
              -100.138497,
              18.890493
            ],
            [
              -100.138571,
              18.890389
            ],
            [
              -100.138697,
              18.890156
            ],
            [
              -100.139084,
              18.889271
            ],
            [
              -100.139215,
              18.889262
            ],
            [
              -100.139907,
              18.889218
            ],
            [
              -100.140212,
              18.889159
            ],
            [
              -100.140444,
              18.889
            ],
            [
              -100.140591,
              18.888916
            ],
            [
              -100.140715,
              18.888835
            ],
            [
              -100.140784,
              18.888877
            ],
            [
              -100.141452,
              18.888917
            ],
            [
              -100.141569,
              18.888895
            ],
            [
              -100.141686,
              18.888873
            ],
            [
              -100.141892,
              18.888726
            ],
            [
              -100.144485,
              18.888907
            ],
            [
              -100.14459,
              18.888845
            ],
            [
              -100.145032,
              18.889774
            ],
            [
              -100.145547,
              18.8902
            ],
            [
              -100.145354,
              18.891189
            ],
            [
              -100.146039,
              18.892897
            ],
            [
              -100.14627,
              18.893096
            ],
            [
              -100.146888,
              18.893271
            ],
            [
              -100.147032,
              18.893403
            ],
            [
              -100.147263,
              18.894246
            ],
            [
              -100.147827,
              18.895688
            ],
            [
              -100.147952,
              18.895651
            ],
            [
              -100.148521,
              18.896138
            ],
            [
              -100.148649,
              18.896422
            ],
            [
              -100.148678,
              18.896151
            ],
            [
              -100.148766,
              18.896047
            ],
            [
              -100.149018,
              18.896151
            ],
            [
              -100.149134,
              18.896105
            ],
            [
              -100.149443,
              18.896103
            ],
            [
              -100.149693,
              18.896431
            ],
            [
              -100.150171,
              18.896846
            ],
            [
              -100.150414,
              18.89692
            ],
            [
              -100.150428,
              18.897414
            ],
            [
              -100.150382,
              18.89776
            ],
            [
              -100.150526,
              18.898119
            ],
            [
              -100.150892,
              18.898518
            ],
            [
              -100.151232,
              18.898641
            ],
            [
              -100.151361,
              18.898667
            ],
            [
              -100.151549,
              18.899044
            ],
            [
              -100.151568,
              18.89911
            ],
            [
              -100.151753,
              18.89931
            ],
            [
              -100.151852,
              18.899351
            ],
            [
              -100.151951,
              18.899391
            ],
            [
              -100.152435,
              18.899362
            ],
            [
              -100.153043,
              18.899141
            ],
            [
              -100.15361,
              18.899118
            ],
            [
              -100.153946,
              18.899178
            ],
            [
              -100.154221,
              18.899348
            ],
            [
              -100.154427,
              18.899444
            ],
            [
              -100.154415,
              18.899656
            ],
            [
              -100.154492,
              18.899779
            ],
            [
              -100.155119,
              18.899638
            ],
            [
              -100.156052,
              18.899601
            ],
            [
              -100.15701,
              18.899863
            ],
            [
              -100.157912,
              18.900291
            ],
            [
              -100.158016,
              18.900999
            ],
            [
              -100.158226,
              18.90128
            ],
            [
              -100.15866,
              18.901161
            ],
            [
              -100.158983,
              18.901159
            ],
            [
              -100.159337,
              18.901281
            ],
            [
              -100.159746,
              18.901528
            ],
            [
              -100.16001,
              18.901848
            ],
            [
              -100.16015,
              18.902052
            ],
            [
              -100.160143,
              18.902176
            ],
            [
              -100.160052,
              18.902389
            ],
            [
              -100.159968,
              18.902499
            ]
          ]
        ]
      }
    },
    {
      "type": "Feature",
      "properties": {
        "nombre": "ZACATEPEC",
        "area_ha": 221.6,
        "vertices": 146,
        "localidad_fuente": "Santo Domingo-Zacatepec",
        "poblacion_total": 3220,
        "pct_total_municipal": 4.1,
        "fuente_poblacion": "PDM Tejupilco 2025-2027, Cuadro 26 (Censo INEGI 2020)",
        "capa": "localidades",
        "estado_evidencia": "geometria_derivada_fuente_primaria_pendiente"
      },
      "geometry": {
        "type": "Polygon",
        "coordinates": [
          [
            [
              -100.135676,
              18.892797
            ],
            [
              -100.135572,
              18.892392
            ],
            [
              -100.135431,
              18.89159
            ],
            [
              -100.13477,
              18.89167
            ],
            [
              -100.13416,
              18.892433
            ],
            [
              -100.133442,
              18.892325
            ],
            [
              -100.131849,
              18.892728
            ],
            [
              -100.131567,
              18.892913
            ],
            [
              -100.12873,
              18.893439
            ],
            [
              -100.128234,
              18.893529
            ],
            [
              -100.127899,
              18.893591
            ],
            [
              -100.127266,
              18.893617
            ],
            [
              -100.127038,
              18.893292
            ],
            [
              -100.126923,
              18.892958
            ],
            [
              -100.122899,
              18.893233
            ],
            [
              -100.122051,
              18.89269
            ],
            [
              -100.121948,
              18.892274
            ],
            [
              -100.122015,
              18.891893
            ],
            [
              -100.12185,
              18.891455
            ],
            [
              -100.121832,
              18.891046
            ],
            [
              -100.122192,
              18.890876
            ],
            [
              -100.122899,
              18.890915
            ],
            [
              -100.123278,
              18.890043
            ],
            [
              -100.124331,
              18.889042
            ],
            [
              -100.125355,
              18.888239
            ],
            [
              -100.126525,
              18.887715
            ],
            [
              -100.126916,
              18.887277
            ],
            [
              -100.126935,
              18.887076
            ],
            [
              -100.126659,
              18.886891
            ],
            [
              -100.126405,
              18.886652
            ],
            [
              -100.126777,
              18.885982
            ],
            [
              -100.126901,
              18.885874
            ],
            [
              -100.1269,
              18.885856
            ],
            [
              -100.126895,
              18.885736
            ],
            [
              -100.127194,
              18.885288
            ],
            [
              -100.12761,
              18.885034
            ],
            [
              -100.128317,
              18.884899
            ],
            [
              -100.128153,
              18.88452
            ],
            [
              -100.128216,
              18.884248
            ],
            [
              -100.128579,
              18.883878
            ],
            [
              -100.128722,
              18.883704
            ],
            [
              -100.128592,
              18.883609
            ],
            [
              -100.128429,
              18.88345
            ],
            [
              -100.128211,
              18.883069
            ],
            [
              -100.128013,
              18.882892
            ],
            [
              -100.127809,
              18.882822
            ],
            [
              -100.127738,
              18.882667
            ],
            [
              -100.127879,
              18.882458
            ],
            [
              -100.128073,
              18.88217
            ],
            [
              -100.127992,
              18.882084
            ],
            [
              -100.127494,
              18.881791
            ],
            [
              -100.127292,
              18.881581
            ],
            [
              -100.127328,
              18.881355
            ],
            [
              -100.12749,
              18.881218
            ],
            [
              -100.1277,
              18.881217
            ],
            [
              -100.127846,
              18.881229
            ],
            [
              -100.12791,
              18.881219
            ],
            [
              -100.127917,
              18.881135
            ],
            [
              -100.127839,
              18.880889
            ],
            [
              -100.127809,
              18.880774
            ],
            [
              -100.127985,
              18.880734
            ],
            [
              -100.12831,
              18.880619
            ],
            [
              -100.128249,
              18.880522
            ],
            [
              -100.128979,
              18.880098
            ],
            [
              -100.129504,
              18.879632
            ],
            [
              -100.130006,
              18.879303
            ],
            [
              -100.130201,
              18.879024
            ],
            [
              -100.130118,
              18.878831
            ],
            [
              -100.13063,
              18.878227
            ],
            [
              -100.130722,
              18.877851
            ],
            [
              -100.131044,
              18.877733
            ],
            [
              -100.13133,
              18.877363
            ],
            [
              -100.131981,
              18.877259
            ],
            [
              -100.133021,
              18.876425
            ],
            [
              -100.134386,
              18.876
            ],
            [
              -100.134216,
              18.877942
            ],
            [
              -100.13371,
              18.879004
            ],
            [
              -100.135614,
              18.879033
            ],
            [
              -100.134642,
              18.88077
            ],
            [
              -100.135048,
              18.880808
            ],
            [
              -100.135814,
              18.880192
            ],
            [
              -100.136133,
              18.879827
            ],
            [
              -100.13617,
              18.879796
            ],
            [
              -100.136651,
              18.879563
            ],
            [
              -100.137029,
              18.879635
            ],
            [
              -100.136563,
              18.880208
            ],
            [
              -100.136651,
              18.880676
            ],
            [
              -100.137225,
              18.880712
            ],
            [
              -100.137464,
              18.880698
            ],
            [
              -100.137935,
              18.880673
            ],
            [
              -100.138153,
              18.880707
            ],
            [
              -100.13861,
              18.880944
            ],
            [
              -100.138944,
              18.881397
            ],
            [
              -100.139093,
              18.881687
            ],
            [
              -100.139131,
              18.882244
            ],
            [
              -100.139151,
              18.882524
            ],
            [
              -100.139153,
              18.882625
            ],
            [
              -100.139141,
              18.883087
            ],
            [
              -100.139585,
              18.883182
            ],
            [
              -100.139669,
              18.883587
            ],
            [
              -100.139621,
              18.884083
            ],
            [
              -100.139626,
              18.884237
            ],
            [
              -100.139967,
              18.884442
            ],
            [
              -100.140341,
              18.884618
            ],
            [
              -100.140653,
              18.884819
            ],
            [
              -100.140698,
              18.885157
            ],
            [
              -100.140784,
              18.885811
            ],
            [
              -100.140851,
              18.886319
            ],
            [
              -100.140892,
              18.886391
            ],
            [
              -100.141027,
              18.886627
            ],
            [
              -100.141137,
              18.886743
            ],
            [
              -100.141247,
              18.886859
            ],
            [
              -100.141334,
              18.886949
            ],
            [
              -100.141406,
              18.887652
            ],
            [
              -100.141419,
              18.887782
            ],
            [
              -100.141363,
              18.888132
            ],
            [
              -100.14125,
              18.888346
            ],
            [
              -100.141147,
              18.888515
            ],
            [
              -100.141072,
              18.888602
            ],
            [
              -100.140872,
              18.888734
            ],
            [
              -100.140715,
              18.888835
            ],
            [
              -100.140591,
              18.888916
            ],
            [
              -100.140444,
              18.889
            ],
            [
              -100.140212,
              18.889159
            ],
            [
              -100.139907,
              18.889218
            ],
            [
              -100.139215,
              18.889262
            ],
            [
              -100.139084,
              18.889271
            ],
            [
              -100.138697,
              18.890156
            ],
            [
              -100.138571,
              18.890389
            ],
            [
              -100.138497,
              18.890493
            ],
            [
              -100.138513,
              18.89069
            ],
            [
              -100.138423,
              18.891118
            ],
            [
              -100.138349,
              18.891281
            ],
            [
              -100.138335,
              18.891309
            ],
            [
              -100.138325,
              18.891354
            ],
            [
              -100.1382,
              18.891903
            ],
            [
              -100.138271,
              18.892301
            ],
            [
              -100.138425,
              18.892613
            ],
            [
              -100.138509,
              18.892729
            ],
            [
              -100.138654,
              18.893059
            ],
            [
              -100.138559,
              18.89321
            ],
            [
              -100.137725,
              18.893317
            ],
            [
              -100.137248,
              18.893665
            ],
            [
              -100.136854,
              18.893695
            ],
            [
              -100.136117,
              18.893475
            ],
            [
              -100.135676,
              18.892797
            ]
          ]
        ]
      }
    },
    {
      "type": "Feature",
      "properties": {
        "nombre": "RINCON DE UGARTE",
        "area_ha": 31.2,
        "vertices": 16,
        "localidad_fuente": "Rincón de Ugarte",
        "poblacion_total": 823,
        "pct_total_municipal": 1.0,
        "fuente_poblacion": "PDM Tejupilco 2025-2027, Cuadro 26 (Censo INEGI 2020)",
        "capa": "localidades",
        "estado_evidencia": "geometria_derivada_fuente_primaria_pendiente"
      },
      "geometry": {
        "type": "Polygon",
        "coordinates": [
          [
            [
              -100.152853,
              18.928145
            ],
            [
              -100.152487,
              18.927535
            ],
            [
              -100.152229,
              18.926119
            ],
            [
              -100.149929,
              18.923982
            ],
            [
              -100.149464,
              18.922211
            ],
            [
              -100.149943,
              18.922113
            ],
            [
              -100.151448,
              18.921802
            ],
            [
              -100.152366,
              18.921419
            ],
            [
              -100.153434,
              18.921377
            ],
            [
              -100.156745,
              18.926454
            ],
            [
              -100.154202,
              18.928099
            ],
            [
              -100.154059,
              18.927682
            ],
            [
              -100.153969,
              18.927442
            ],
            [
              -100.153648,
              18.927635
            ],
            [
              -100.153403,
              18.927849
            ],
            [
              -100.152853,
              18.928145
            ]
          ]
        ]
      }
    },
    {
      "type": "Feature",
      "properties": {
        "nombre": "PASO DE GUAYABAL",
        "area_ha": 3.8,
        "vertices": 22,
        "localidad_fuente": "Paso del Guayabal (El Paso)",
        "poblacion_total": 235,
        "pct_total_municipal": 0.3,
        "fuente_poblacion": "PDM Tejupilco 2025-2027, Cuadro 26 (Censo INEGI 2020)",
        "capa": "localidades",
        "estado_evidencia": "geometria_derivada_fuente_primaria_pendiente"
      },
      "geometry": {
        "type": "Polygon",
        "coordinates": [
          [
            [
              -100.379804,
              18.792812
            ],
            [
              -100.379418,
              18.792735
            ],
            [
              -100.379036,
              18.792653
            ],
            [
              -100.37822,
              18.792449
            ],
            [
              -100.378159,
              18.792434
            ],
            [
              -100.377314,
              18.792196
            ],
            [
              -100.377224,
              18.790937
            ],
            [
              -100.376853,
              18.790521
            ],
            [
              -100.376643,
              18.79032
            ],
            [
              -100.37696,
              18.790142
            ],
            [
              -100.377524,
              18.790332
            ],
            [
              -100.377878,
              18.790768
            ],
            [
              -100.378039,
              18.79158
            ],
            [
              -100.378103,
              18.791934
            ],
            [
              -100.37903,
              18.791714
            ],
            [
              -100.379231,
              18.791744
            ],
            [
              -100.37925,
              18.79166
            ],
            [
              -100.379679,
              18.791537
            ],
            [
              -100.379825,
              18.791457
            ],
            [
              -100.380035,
              18.791691
            ],
            [
              -100.379946,
              18.792126
            ],
            [
              -100.379804,
              18.792812
            ]
          ]
        ]
      }
    },
    {
      "type": "Feature",
      "properties": {
        "nombre": "LA LABOR DE ZARAGOZA",
        "area_ha": 88.3,
        "vertices": 106,
        "localidad_fuente": "La Labor de Zaragoza",
        "poblacion_total": 975,
        "pct_total_municipal": 1.2,
        "fuente_poblacion": "PDM Tejupilco 2025-2027, Cuadro 26 (Censo INEGI 2020)",
        "capa": "localidades",
        "estado_evidencia": "geometria_derivada_fuente_primaria_pendiente"
      },
      "geometry": {
        "type": "Polygon",
        "coordinates": [
          [
            [
              -100.100983,
              18.87194
            ],
            [
              -100.100064,
              18.872487
            ],
            [
              -100.098308,
              18.872809
            ],
            [
              -100.098077,
              18.873552
            ],
            [
              -100.096954,
              18.874866
            ],
            [
              -100.096785,
              18.875517
            ],
            [
              -100.096624,
              18.875438
            ],
            [
              -100.0966,
              18.875286
            ],
            [
              -100.096307,
              18.874646
            ],
            [
              -100.096323,
              18.874514
            ],
            [
              -100.096219,
              18.874312
            ],
            [
              -100.096068,
              18.874204
            ],
            [
              -100.096061,
              18.874037
            ],
            [
              -100.096001,
              18.873924
            ],
            [
              -100.095793,
              18.873787
            ],
            [
              -100.095674,
              18.873328
            ],
            [
              -100.095671,
              18.873303
            ],
            [
              -100.095577,
              18.873302
            ],
            [
              -100.095419,
              18.873268
            ],
            [
              -100.095047,
              18.873322
            ],
            [
              -100.094883,
              18.873273
            ],
            [
              -100.094715,
              18.873234
            ],
            [
              -100.094112,
              18.873324
            ],
            [
              -100.093717,
              18.873413
            ],
            [
              -100.093369,
              18.873562
            ],
            [
              -100.092942,
              18.87383
            ],
            [
              -100.092632,
              18.873881
            ],
            [
              -100.092543,
              18.873622
            ],
            [
              -100.092516,
              18.873367
            ],
            [
              -100.09261,
              18.872959
            ],
            [
              -100.092698,
              18.872549
            ],
            [
              -100.092781,
              18.872292
            ],
            [
              -100.092811,
              18.871904
            ],
            [
              -100.092837,
              18.871728
            ],
            [
              -100.092982,
              18.871599
            ],
            [
              -100.093292,
              18.871501
            ],
            [
              -100.093522,
              18.871332
            ],
            [
              -100.093661,
              18.871169
            ],
            [
              -100.093762,
              18.871155
            ],
            [
              -100.094141,
              18.870792
            ],
            [
              -100.094523,
              18.870545
            ],
            [
              -100.094618,
              18.870275
            ],
            [
              -100.094805,
              18.870103
            ],
            [
              -100.095173,
              18.870032
            ],
            [
              -100.095248,
              18.869975
            ],
            [
              -100.095365,
              18.8696
            ],
            [
              -100.095423,
              18.869183
            ],
            [
              -100.095556,
              18.869005
            ],
            [
              -100.095553,
              18.868659
            ],
            [
              -100.0956,
              18.868485
            ],
            [
              -100.0956,
              18.868175
            ],
            [
              -100.09565,
              18.868026
            ],
            [
              -100.096098,
              18.867638
            ],
            [
              -100.096131,
              18.867555
            ],
            [
              -100.096095,
              18.86747
            ],
            [
              -100.096079,
              18.866945
            ],
            [
              -100.096159,
              18.866387
            ],
            [
              -100.096115,
              18.86616
            ],
            [
              -100.096029,
              18.865205
            ],
            [
              -100.096143,
              18.864901
            ],
            [
              -100.096646,
              18.864809
            ],
            [
              -100.097427,
              18.864443
            ],
            [
              -100.097474,
              18.86442
            ],
            [
              -100.097496,
              18.864409
            ],
            [
              -100.097769,
              18.864167
            ],
            [
              -100.097941,
              18.86394
            ],
            [
              -100.099148,
              18.863554
            ],
            [
              -100.100761,
              18.862979
            ],
            [
              -100.100827,
              18.86183
            ],
            [
              -100.100891,
              18.861348
            ],
            [
              -100.101468,
              18.861526
            ],
            [
              -100.10214,
              18.861944
            ],
            [
              -100.102183,
              18.862079
            ],
            [
              -100.102428,
              18.862131
            ],
            [
              -100.103067,
              18.862382
            ],
            [
              -100.102961,
              18.862434
            ],
            [
              -100.104988,
              18.864058
            ],
            [
              -100.104013,
              18.864534
            ],
            [
              -100.103745,
              18.865098
            ],
            [
              -100.103699,
              18.866225
            ],
            [
              -100.103191,
              18.866489
            ],
            [
              -100.102844,
              18.86733
            ],
            [
              -100.101486,
              18.868813
            ],
            [
              -100.10149,
              18.869155
            ],
            [
              -100.101431,
              18.869207
            ],
            [
              -100.101565,
              18.869394
            ],
            [
              -100.101542,
              18.86951
            ],
            [
              -100.101445,
              18.869668
            ],
            [
              -100.101557,
              18.869817
            ],
            [
              -100.10165,
              18.869863
            ],
            [
              -100.101735,
              18.869977
            ],
            [
              -100.101787,
              18.870155
            ],
            [
              -100.101921,
              18.870306
            ],
            [
              -100.101913,
              18.870376
            ],
            [
              -100.101962,
              18.870362
            ],
            [
              -100.101985,
              18.870439
            ],
            [
              -100.102033,
              18.870445
            ],
            [
              -100.102105,
              18.870526
            ],
            [
              -100.10215,
              18.87065
            ],
            [
              -100.102115,
              18.870817
            ],
            [
              -100.101255,
              18.871211
            ],
            [
              -100.101149,
              18.871175
            ],
            [
              -100.101051,
              18.871264
            ],
            [
              -100.100957,
              18.871457
            ],
            [
              -100.100984,
              18.871654
            ],
            [
              -100.100983,
              18.87194
            ]
          ]
        ]
      }
    },
    {
      "type": "Feature",
      "properties": {
        "nombre": "RINCON DE JAIMES",
        "area_ha": 60.5,
        "vertices": 146,
        "localidad_fuente": "Rincón de Jaimes",
        "poblacion_total": 1077,
        "pct_total_municipal": 1.4,
        "fuente_poblacion": "PDM Tejupilco 2025-2027, Cuadro 26 (Censo INEGI 2020)",
        "capa": "localidades",
        "estado_evidencia": "geometria_derivada_fuente_primaria_pendiente"
      },
      "geometry": {
        "type": "Polygon",
        "coordinates": [
          [
            [
              -100.163921,
              18.903038
            ],
            [
              -100.163766,
              18.903167
            ],
            [
              -100.163632,
              18.90325
            ],
            [
              -100.163495,
              18.903269
            ],
            [
              -100.163296,
              18.903294
            ],
            [
              -100.163121,
              18.903295
            ],
            [
              -100.162888,
              18.903305
            ],
            [
              -100.162842,
              18.903314
            ],
            [
              -100.162795,
              18.903323
            ],
            [
              -100.162709,
              18.903331
            ],
            [
              -100.162573,
              18.903366
            ],
            [
              -100.162539,
              18.903378
            ],
            [
              -100.16242,
              18.903302
            ],
            [
              -100.161277,
              18.903272
            ],
            [
              -100.160931,
              18.903254
            ],
            [
              -100.160586,
              18.903198
            ],
            [
              -100.159996,
              18.903018
            ],
            [
              -100.159671,
              18.902992
            ],
            [
              -100.15944,
              18.903054
            ],
            [
              -100.159303,
              18.903152
            ],
            [
              -100.158968,
              18.903446
            ],
            [
              -100.158949,
              18.903402
            ],
            [
              -100.159295,
              18.902995
            ],
            [
              -100.15976,
              18.902622
            ],
            [
              -100.159968,
              18.902499
            ],
            [
              -100.160052,
              18.902389
            ],
            [
              -100.160143,
              18.902176
            ],
            [
              -100.16015,
              18.902052
            ],
            [
              -100.16001,
              18.901848
            ],
            [
              -100.159746,
              18.901528
            ],
            [
              -100.159337,
              18.901281
            ],
            [
              -100.158983,
              18.901159
            ],
            [
              -100.15866,
              18.901161
            ],
            [
              -100.158226,
              18.90128
            ],
            [
              -100.158016,
              18.900999
            ],
            [
              -100.157912,
              18.900291
            ],
            [
              -100.157742,
              18.900005
            ],
            [
              -100.157748,
              18.899717
            ],
            [
              -100.157778,
              18.899584
            ],
            [
              -100.157942,
              18.899699
            ],
            [
              -100.158007,
              18.899686
            ],
            [
              -100.158129,
              18.899697
            ],
            [
              -100.158352,
              18.899698
            ],
            [
              -100.158317,
              18.899566
            ],
            [
              -100.158359,
              18.899513
            ],
            [
              -100.158554,
              18.899388
            ],
            [
              -100.158814,
              18.899338
            ],
            [
              -100.158983,
              18.899259
            ],
            [
              -100.159031,
              18.89906
            ],
            [
              -100.159205,
              18.89908
            ],
            [
              -100.159404,
              18.899022
            ],
            [
              -100.159783,
              18.8988
            ],
            [
              -100.160206,
              18.89873
            ],
            [
              -100.160362,
              18.898721
            ],
            [
              -100.16035,
              18.898535
            ],
            [
              -100.160258,
              18.898508
            ],
            [
              -100.160103,
              18.898438
            ],
            [
              -100.160026,
              18.898447
            ],
            [
              -100.159771,
              18.898438
            ],
            [
              -100.159386,
              18.898353
            ],
            [
              -100.159127,
              18.898314
            ],
            [
              -100.159043,
              18.89828
            ],
            [
              -100.159114,
              18.898174
            ],
            [
              -100.159259,
              18.898045
            ],
            [
              -100.1595,
              18.897852
            ],
            [
              -100.159666,
              18.897825
            ],
            [
              -100.160008,
              18.897817
            ],
            [
              -100.160328,
              18.897847
            ],
            [
              -100.16052,
              18.897824
            ],
            [
              -100.160746,
              18.897887
            ],
            [
              -100.16101,
              18.89792
            ],
            [
              -100.161065,
              18.89771
            ],
            [
              -100.161134,
              18.897513
            ],
            [
              -100.161065,
              18.896987
            ],
            [
              -100.161166,
              18.896631
            ],
            [
              -100.161337,
              18.896392
            ],
            [
              -100.161535,
              18.896014
            ],
            [
              -100.161626,
              18.895833
            ],
            [
              -100.161641,
              18.895793
            ],
            [
              -100.161653,
              18.895761
            ],
            [
              -100.161557,
              18.894882
            ],
            [
              -100.161876,
              18.894566
            ],
            [
              -100.162327,
              18.894373
            ],
            [
              -100.162661,
              18.89429
            ],
            [
              -100.162924,
              18.894284
            ],
            [
              -100.163526,
              18.894447
            ],
            [
              -100.163877,
              18.894479
            ],
            [
              -100.164218,
              18.894664
            ],
            [
              -100.164322,
              18.894766
            ],
            [
              -100.164453,
              18.895177
            ],
            [
              -100.164699,
              18.895377
            ],
            [
              -100.165005,
              18.895728
            ],
            [
              -100.165097,
              18.895979
            ],
            [
              -100.165241,
              18.896162
            ],
            [
              -100.165481,
              18.896218
            ],
            [
              -100.165629,
              18.896206
            ],
            [
              -100.165817,
              18.896105
            ],
            [
              -100.166005,
              18.896156
            ],
            [
              -100.166271,
              18.896472
            ],
            [
              -100.16656,
              18.896567
            ],
            [
              -100.167078,
              18.897483
            ],
            [
              -100.166779,
              18.898015
            ],
            [
              -100.166124,
              18.898361
            ],
            [
              -100.16614,
              18.898552
            ],
            [
              -100.166092,
              18.898885
            ],
            [
              -100.166058,
              18.899211
            ],
            [
              -100.16601,
              18.899712
            ],
            [
              -100.166112,
              18.899931
            ],
            [
              -100.166214,
              18.900007
            ],
            [
              -100.166294,
              18.900067
            ],
            [
              -100.166456,
              18.90009
            ],
            [
              -100.167074,
              18.90005
            ],
            [
              -100.167212,
              18.900073
            ],
            [
              -100.167419,
              18.900173
            ],
            [
              -100.167613,
              18.900332
            ],
            [
              -100.167802,
              18.900468
            ],
            [
              -100.168033,
              18.90055
            ],
            [
              -100.168521,
              18.900608
            ],
            [
              -100.168544,
              18.900626
            ],
            [
              -100.169014,
              18.901001
            ],
            [
              -100.168873,
              18.900969
            ],
            [
              -100.168294,
              18.901009
            ],
            [
              -100.167714,
              18.90082
            ],
            [
              -100.167173,
              18.900902
            ],
            [
              -100.166899,
              18.90139
            ],
            [
              -100.166652,
              18.901585
            ],
            [
              -100.166156,
              18.901624
            ],
            [
              -100.165728,
              18.901555
            ],
            [
              -100.165353,
              18.901743
            ],
            [
              -100.165183,
              18.902166
            ],
            [
              -100.164883,
              18.902268
            ],
            [
              -100.164529,
              18.902092
            ],
            [
              -100.1645,
              18.902082
            ],
            [
              -100.164197,
              18.901979
            ],
            [
              -100.163843,
              18.901881
            ],
            [
              -100.163543,
              18.90189
            ],
            [
              -100.163445,
              18.901855
            ],
            [
              -100.163249,
              18.901821
            ],
            [
              -100.163113,
              18.901799
            ],
            [
              -100.163214,
              18.901879
            ],
            [
              -100.163538,
              18.902052
            ],
            [
              -100.163817,
              18.902236
            ],
            [
              -100.163988,
              18.902459
            ],
            [
              -100.164033,
              18.90262
            ],
            [
              -100.163996,
              18.90286
            ],
            [
              -100.163921,
              18.903038
            ]
          ]
        ]
      }
    },
    {
      "type": "Feature",
      "properties": {
        "nombre": "SAN ANDRES OCOTEPEC",
        "area_ha": 37.8,
        "vertices": 242,
        "localidad_fuente": "San Andrés Ocotepec",
        "poblacion_total": 1826,
        "pct_total_municipal": 2.3,
        "fuente_poblacion": "PDM Tejupilco 2025-2027, Cuadro 26 (Censo INEGI 2020)",
        "capa": "localidades",
        "estado_evidencia": "geometria_derivada_fuente_primaria_pendiente"
      },
      "geometry": {
        "type": "Polygon",
        "coordinates": [
          [
            [
              -100.051387,
              18.90571
            ],
            [
              -100.051488,
              18.905798
            ],
            [
              -100.051567,
              18.905906
            ],
            [
              -100.05163,
              18.90602
            ],
            [
              -100.051697,
              18.906164
            ],
            [
              -100.051711,
              18.906264
            ],
            [
              -100.051727,
              18.906374
            ],
            [
              -100.051797,
              18.906523
            ],
            [
              -100.051832,
              18.906553
            ],
            [
              -100.0519,
              18.906567
            ],
            [
              -100.051966,
              18.906592
            ],
            [
              -100.052077,
              18.906586
            ],
            [
              -100.052242,
              18.906562
            ],
            [
              -100.052398,
              18.906567
            ],
            [
              -100.052542,
              18.906625
            ],
            [
              -100.05268,
              18.906728
            ],
            [
              -100.052817,
              18.906863
            ],
            [
              -100.052915,
              18.906974
            ],
            [
              -100.052955,
              18.907009
            ],
            [
              -100.053036,
              18.906988
            ],
            [
              -100.053076,
              18.90694
            ],
            [
              -100.053125,
              18.906821
            ],
            [
              -100.05319,
              18.906765
            ],
            [
              -100.053306,
              18.906721
            ],
            [
              -100.053437,
              18.906783
            ],
            [
              -100.053486,
              18.90693
            ],
            [
              -100.053558,
              18.907098
            ],
            [
              -100.053656,
              18.90713
            ],
            [
              -100.053812,
              18.907119
            ],
            [
              -100.053937,
              18.907149
            ],
            [
              -100.054114,
              18.907151
            ],
            [
              -100.054277,
              18.907147
            ],
            [
              -100.054408,
              18.907226
            ],
            [
              -100.054461,
              18.907307
            ],
            [
              -100.054371,
              18.907347
            ],
            [
              -100.05428,
              18.907317
            ],
            [
              -100.054212,
              18.907307
            ],
            [
              -100.054119,
              18.907342
            ],
            [
              -100.054005,
              18.907387
            ],
            [
              -100.053877,
              18.907412
            ],
            [
              -100.0538,
              18.907405
            ],
            [
              -100.053695,
              18.907426
            ],
            [
              -100.053621,
              18.90747
            ],
            [
              -100.053539,
              18.90754
            ],
            [
              -100.053451,
              18.907573
            ],
            [
              -100.053397,
              18.907536
            ],
            [
              -100.053348,
              18.907487
            ],
            [
              -100.053278,
              18.907419
            ],
            [
              -100.053185,
              18.907405
            ],
            [
              -100.053106,
              18.907464
            ],
            [
              -100.053022,
              18.90751
            ],
            [
              -100.052936,
              18.907552
            ],
            [
              -100.052852,
              18.907582
            ],
            [
              -100.052778,
              18.907589
            ],
            [
              -100.05268,
              18.907545
            ],
            [
              -100.052631,
              18.90747
            ],
            [
              -100.052566,
              18.907354
            ],
            [
              -100.05248,
              18.907266
            ],
            [
              -100.052372,
              18.907242
            ],
            [
              -100.052279,
              18.907247
            ],
            [
              -100.052161,
              18.907273
            ],
            [
              -100.052074,
              18.907314
            ],
            [
              -100.051993,
              18.907394
            ],
            [
              -100.051918,
              18.907475
            ],
            [
              -100.051837,
              18.907475
            ],
            [
              -100.051681,
              18.907354
            ],
            [
              -100.051504,
              18.907291
            ],
            [
              -100.051325,
              18.907179
            ],
            [
              -100.051194,
              18.907023
            ],
            [
              -100.051031,
              18.906886
            ],
            [
              -100.050959,
              18.906816
            ],
            [
              -100.050901,
              18.906756
            ],
            [
              -100.05086,
              18.906761
            ],
            [
              -100.050747,
              18.906898
            ],
            [
              -100.050663,
              18.906947
            ],
            [
              -100.0506,
              18.906948
            ],
            [
              -100.050554,
              18.906905
            ],
            [
              -100.050477,
              18.906837
            ],
            [
              -100.0504,
              18.906688
            ],
            [
              -100.050351,
              18.9066
            ],
            [
              -100.050274,
              18.906534
            ],
            [
              -100.0502,
              18.906504
            ],
            [
              -100.050072,
              18.906469
            ],
            [
              -100.049869,
              18.906411
            ],
            [
              -100.049771,
              18.906388
            ],
            [
              -100.049685,
              18.90635
            ],
            [
              -100.049622,
              18.906292
            ],
            [
              -100.04951,
              18.90618
            ],
            [
              -100.049417,
              18.90611
            ],
            [
              -100.049357,
              18.90608
            ],
            [
              -100.049305,
              18.90609
            ],
            [
              -100.049264,
              18.906136
            ],
            [
              -100.04925,
              18.906227
            ],
            [
              -100.049203,
              18.906416
            ],
            [
              -100.04914,
              18.906509
            ],
            [
              -100.048996,
              18.906516
            ],
            [
              -100.048772,
              18.90649
            ],
            [
              -100.048556,
              18.906476
            ],
            [
              -100.048367,
              18.906476
            ],
            [
              -100.048204,
              18.906464
            ],
            [
              -100.048127,
              18.906437
            ],
            [
              -100.048053,
              18.906418
            ],
            [
              -100.048001,
              18.906427
            ],
            [
              -100.047945,
              18.906471
            ],
            [
              -100.047734,
              18.906856
            ],
            [
              -100.04768,
              18.90696
            ],
            [
              -100.047612,
              18.907
            ],
            [
              -100.047545,
              18.906995
            ],
            [
              -100.04747,
              18.906988
            ],
            [
              -100.047424,
              18.906919
            ],
            [
              -100.047307,
              18.906767
            ],
            [
              -100.047019,
              18.906597
            ],
            [
              -100.046937,
              18.906607
            ],
            [
              -100.046811,
              18.906681
            ],
            [
              -100.046741,
              18.906742
            ],
            [
              -100.046648,
              18.906778
            ],
            [
              -100.046561,
              18.906778
            ],
            [
              -100.04653,
              18.906899
            ],
            [
              -100.046541,
              18.907048
            ],
            [
              -100.046488,
              18.907257
            ],
            [
              -100.04646,
              18.907441
            ],
            [
              -100.046509,
              18.907656
            ],
            [
              -100.046525,
              18.908035
            ],
            [
              -100.046539,
              18.908233
            ],
            [
              -100.046415,
              18.908389
            ],
            [
              -100.046332,
              18.908575
            ],
            [
              -100.046397,
              18.908766
            ],
            [
              -100.046409,
              18.909043
            ],
            [
              -100.046322,
              18.909242
            ],
            [
              -100.046164,
              18.909419
            ],
            [
              -100.046043,
              18.909386
            ],
            [
              -100.045929,
              18.909295
            ],
            [
              -100.045742,
              18.909316
            ],
            [
              -100.045451,
              18.909563
            ],
            [
              -100.044357,
              18.910962
            ],
            [
              -100.044138,
              18.911198
            ],
            [
              -100.044078,
              18.911315
            ],
            [
              -100.043912,
              18.911165
            ],
            [
              -100.043907,
              18.910973
            ],
            [
              -100.043942,
              18.91077
            ],
            [
              -100.044003,
              18.91056
            ],
            [
              -100.044012,
              18.910351
            ],
            [
              -100.043969,
              18.910231
            ],
            [
              -100.043968,
              18.910137
            ],
            [
              -100.044216,
              18.909767
            ],
            [
              -100.044399,
              18.909358
            ],
            [
              -100.044894,
              18.90835
            ],
            [
              -100.04502,
              18.908053
            ],
            [
              -100.045112,
              18.907692
            ],
            [
              -100.045321,
              18.907091
            ],
            [
              -100.045365,
              18.906853
            ],
            [
              -100.045387,
              18.906579
            ],
            [
              -100.045443,
              18.906364
            ],
            [
              -100.045554,
              18.906201
            ],
            [
              -100.045626,
              18.906097
            ],
            [
              -100.045694,
              18.90591
            ],
            [
              -100.045958,
              18.905377
            ],
            [
              -100.04613,
              18.905167
            ],
            [
              -100.046223,
              18.905021
            ],
            [
              -100.046287,
              18.904888
            ],
            [
              -100.046287,
              18.904817
            ],
            [
              -100.046054,
              18.904997
            ],
            [
              -100.045535,
              18.905384
            ],
            [
              -100.045545,
              18.904888
            ],
            [
              -100.045577,
              18.904546
            ],
            [
              -100.045655,
              18.904259
            ],
            [
              -100.045738,
              18.903988
            ],
            [
              -100.045845,
              18.903721
            ],
            [
              -100.045915,
              18.90368
            ],
            [
              -100.04551,
              18.903587
            ],
            [
              -100.0456,
              18.903418
            ],
            [
              -100.045663,
              18.903052
            ],
            [
              -100.046309,
              18.903193
            ],
            [
              -100.046285,
              18.903325
            ],
            [
              -100.046397,
              18.903255
            ],
            [
              -100.046616,
              18.903087
            ],
            [
              -100.047545,
              18.902875
            ],
            [
              -100.047645,
              18.902838
            ],
            [
              -100.047886,
              18.902939
            ],
            [
              -100.047962,
              18.902931
            ],
            [
              -100.048047,
              18.902912
            ],
            [
              -100.048128,
              18.902883
            ],
            [
              -100.048207,
              18.902842
            ],
            [
              -100.048333,
              18.902736
            ],
            [
              -100.048411,
              18.902686
            ],
            [
              -100.048574,
              18.90255
            ],
            [
              -100.048674,
              18.902497
            ],
            [
              -100.048844,
              18.902375
            ],
            [
              -100.04899,
              18.902277
            ],
            [
              -100.049175,
              18.90219
            ],
            [
              -100.049309,
              18.902091
            ],
            [
              -100.049491,
              18.901898
            ],
            [
              -100.049612,
              18.901749
            ],
            [
              -100.049787,
              18.901628
            ],
            [
              -100.04987,
              18.901601
            ],
            [
              -100.050015,
              18.901624
            ],
            [
              -100.050125,
              18.901605
            ],
            [
              -100.050265,
              18.901548
            ],
            [
              -100.050344,
              18.901502
            ],
            [
              -100.050528,
              18.90136
            ],
            [
              -100.050639,
              18.901324
            ],
            [
              -100.050953,
              18.901242
            ],
            [
              -100.051106,
              18.901227
            ],
            [
              -100.051271,
              18.901246
            ],
            [
              -100.05139,
              18.901269
            ],
            [
              -100.051506,
              18.901371
            ],
            [
              -100.051548,
              18.90146
            ],
            [
              -100.051591,
              18.901543
            ],
            [
              -100.051394,
              18.902023
            ],
            [
              -100.051361,
              18.902226
            ],
            [
              -100.05135,
              18.902464
            ],
            [
              -100.051331,
              18.902554
            ],
            [
              -100.051345,
              18.902634
            ],
            [
              -100.051373,
              18.902643
            ],
            [
              -100.051464,
              18.902545
            ],
            [
              -100.051618,
              18.902443
            ],
            [
              -100.051832,
              18.902375
            ],
            [
              -100.051918,
              18.902508
            ],
            [
              -100.051897,
              18.902787
            ],
            [
              -100.052032,
              18.903013
            ],
            [
              -100.052046,
              18.90319
            ],
            [
              -100.05189,
              18.903218
            ],
            [
              -100.051907,
              18.903302
            ],
            [
              -100.051988,
              18.903484
            ],
            [
              -100.051846,
              18.903714
            ],
            [
              -100.051804,
              18.903903
            ],
            [
              -100.051651,
              18.90398
            ],
            [
              -100.051557,
              18.904019
            ],
            [
              -100.051495,
              18.904117
            ],
            [
              -100.051462,
              18.904334
            ],
            [
              -100.051245,
              18.904431
            ],
            [
              -100.051078,
              18.904641
            ],
            [
              -100.050931,
              18.904774
            ],
            [
              -100.050919,
              18.904951
            ],
            [
              -100.05094,
              18.9051
            ],
            [
              -100.051059,
              18.90533
            ],
            [
              -100.051115,
              18.905507
            ],
            [
              -100.051161,
              18.905675
            ],
            [
              -100.051195,
              18.905684
            ],
            [
              -100.051229,
              18.905694
            ],
            [
              -100.051301,
              18.905701
            ],
            [
              -100.051387,
              18.90571
            ]
          ]
        ]
      }
    },
    {
      "type": "Feature",
      "properties": {
        "nombre": "RINCON DE AGUIRRE",
        "area_ha": 184.6,
        "vertices": 127,
        "localidad_fuente": "Rincón de Aguirre",
        "poblacion_total": 1700,
        "pct_total_municipal": 2.1,
        "fuente_poblacion": "PDM Tejupilco 2025-2027, Cuadro 26 (Censo INEGI 2020)",
        "capa": "localidades",
        "estado_evidencia": "geometria_derivada_fuente_primaria_pendiente"
      },
      "geometry": {
        "type": "Polygon",
        "coordinates": [
          [
            [
              -100.142103,
              18.899778
            ],
            [
              -100.14257,
              18.900659
            ],
            [
              -100.141661,
              18.90088
            ],
            [
              -100.141473,
              18.900906
            ],
            [
              -100.141269,
              18.900959
            ],
            [
              -100.141036,
              18.900986
            ],
            [
              -100.140723,
              18.900858
            ],
            [
              -100.140054,
              18.901151
            ],
            [
              -100.139723,
              18.900938
            ],
            [
              -100.13965,
              18.900953
            ],
            [
              -100.13962,
              18.901003
            ],
            [
              -100.139605,
              18.901142
            ],
            [
              -100.139634,
              18.901287
            ],
            [
              -100.139724,
              18.901435
            ],
            [
              -100.139749,
              18.9016
            ],
            [
              -100.13967,
              18.901667
            ],
            [
              -100.139429,
              18.901593
            ],
            [
              -100.139339,
              18.90144
            ],
            [
              -100.139046,
              18.901372
            ],
            [
              -100.138953,
              18.901204
            ],
            [
              -100.138777,
              18.901304
            ],
            [
              -100.138491,
              18.901339
            ],
            [
              -100.138142,
              18.901133
            ],
            [
              -100.138035,
              18.901133
            ],
            [
              -100.137786,
              18.901242
            ],
            [
              -100.137613,
              18.901368
            ],
            [
              -100.137562,
              18.901446
            ],
            [
              -100.137634,
              18.901733
            ],
            [
              -100.137771,
              18.902206
            ],
            [
              -100.137835,
              18.902588
            ],
            [
              -100.137945,
              18.902675
            ],
            [
              -100.138193,
              18.902752
            ],
            [
              -100.13816,
              18.902932
            ],
            [
              -100.138519,
              18.903249
            ],
            [
              -100.13861,
              18.903507
            ],
            [
              -100.138578,
              18.903725
            ],
            [
              -100.138487,
              18.903847
            ],
            [
              -100.138366,
              18.903955
            ],
            [
              -100.137848,
              18.90368
            ],
            [
              -100.137576,
              18.903666
            ],
            [
              -100.137648,
              18.903858
            ],
            [
              -100.137655,
              18.904006
            ],
            [
              -100.137723,
              18.904145
            ],
            [
              -100.137666,
              18.904244
            ],
            [
              -100.137667,
              18.904375
            ],
            [
              -100.138676,
              18.905257
            ],
            [
              -100.139349,
              18.9058
            ],
            [
              -100.13922,
              18.905857
            ],
            [
              -100.139196,
              18.905957
            ],
            [
              -100.139119,
              18.906035
            ],
            [
              -100.138926,
              18.906025
            ],
            [
              -100.138844,
              18.906074
            ],
            [
              -100.138674,
              18.90625
            ],
            [
              -100.138513,
              18.906378
            ],
            [
              -100.138356,
              18.906649
            ],
            [
              -100.138253,
              18.90714
            ],
            [
              -100.138151,
              18.907867
            ],
            [
              -100.138057,
              18.908361
            ],
            [
              -100.138033,
              18.909299
            ],
            [
              -100.137426,
              18.911636
            ],
            [
              -100.137575,
              18.911937
            ],
            [
              -100.136582,
              18.912175
            ],
            [
              -100.136406,
              18.912374
            ],
            [
              -100.136422,
              18.912834
            ],
            [
              -100.136252,
              18.912967
            ],
            [
              -100.135737,
              18.912622
            ],
            [
              -100.135309,
              18.912436
            ],
            [
              -100.134978,
              18.912249
            ],
            [
              -100.134665,
              18.911981
            ],
            [
              -100.13448,
              18.912746
            ],
            [
              -100.13345,
              18.91375
            ],
            [
              -100.132472,
              18.913594
            ],
            [
              -100.131594,
              18.91353
            ],
            [
              -100.1309,
              18.913778
            ],
            [
              -100.129984,
              18.913644
            ],
            [
              -100.128782,
              18.912734
            ],
            [
              -100.12837,
              18.913131
            ],
            [
              -100.128046,
              18.913034
            ],
            [
              -100.127746,
              18.91292
            ],
            [
              -100.127623,
              18.904652
            ],
            [
              -100.128253,
              18.904841
            ],
            [
              -100.128678,
              18.904444
            ],
            [
              -100.128858,
              18.90406
            ],
            [
              -100.128941,
              18.903688
            ],
            [
              -100.12925,
              18.903153
            ],
            [
              -100.130342,
              18.902229
            ],
            [
              -100.130994,
              18.902305
            ],
            [
              -100.131372,
              18.90232
            ],
            [
              -100.13157,
              18.901872
            ],
            [
              -100.131749,
              18.902181
            ],
            [
              -100.131825,
              18.902143
            ],
            [
              -100.1319,
              18.902009
            ],
            [
              -100.131995,
              18.90179
            ],
            [
              -100.13206,
              18.901682
            ],
            [
              -100.131713,
              18.901357
            ],
            [
              -100.131278,
              18.901045
            ],
            [
              -100.131186,
              18.899896
            ],
            [
              -100.13191,
              18.898614
            ],
            [
              -100.131842,
              18.896566
            ],
            [
              -100.132244,
              18.896569
            ],
            [
              -100.132603,
              18.896497
            ],
            [
              -100.134255,
              18.897276
            ],
            [
              -100.134684,
              18.897552
            ],
            [
              -100.134741,
              18.897831
            ],
            [
              -100.13512,
              18.898072
            ],
            [
              -100.135273,
              18.898066
            ],
            [
              -100.13534,
              18.897726
            ],
            [
              -100.135452,
              18.8975
            ],
            [
              -100.135769,
              18.897388
            ],
            [
              -100.136054,
              18.897194
            ],
            [
              -100.136236,
              18.89706
            ],
            [
              -100.136374,
              18.896722
            ],
            [
              -100.136549,
              18.896448
            ],
            [
              -100.136917,
              18.896338
            ],
            [
              -100.137072,
              18.896357
            ],
            [
              -100.13791,
              18.896549
            ],
            [
              -100.138102,
              18.896936
            ],
            [
              -100.138244,
              18.896872
            ],
            [
              -100.138355,
              18.89681
            ],
            [
              -100.138633,
              18.89688
            ],
            [
              -100.138767,
              18.896728
            ],
            [
              -100.138812,
              18.896705
            ],
            [
              -100.139252,
              18.896752
            ],
            [
              -100.140807,
              18.896985
            ],
            [
              -100.141507,
              18.897546
            ],
            [
              -100.142052,
              18.899384
            ],
            [
              -100.142103,
              18.899778
            ]
          ]
        ]
      }
    },
    {
      "type": "Feature",
      "properties": {
        "nombre": "TENERIA",
        "area_ha": 481.6,
        "vertices": 150,
        "localidad_fuente": "Tenería (Pueblo Nuevo)",
        "poblacion_total": 1481,
        "pct_total_municipal": 1.9,
        "fuente_poblacion": "PDM Tejupilco 2025-2027, Cuadro 26 (Censo INEGI 2020)",
        "capa": "localidades",
        "estado_evidencia": "geometria_derivada_fuente_primaria_pendiente"
      },
      "geometry": {
        "type": "Polygon",
        "coordinates": [
          [
            [
              -100.092862,
              18.970467
            ],
            [
              -100.093476,
              18.971428
            ],
            [
              -100.093838,
              18.971276
            ],
            [
              -100.095212,
              18.971193
            ],
            [
              -100.096168,
              18.971217
            ],
            [
              -100.096266,
              18.971645
            ],
            [
              -100.096673,
              18.971727
            ],
            [
              -100.096587,
              18.972981
            ],
            [
              -100.096647,
              18.973426
            ],
            [
              -100.096762,
              18.973695
            ],
            [
              -100.096682,
              18.974411
            ],
            [
              -100.096955,
              18.974963
            ],
            [
              -100.097921,
              18.975227
            ],
            [
              -100.099084,
              18.975179
            ],
            [
              -100.099825,
              18.975742
            ],
            [
              -100.099547,
              18.976607
            ],
            [
              -100.097218,
              18.977835
            ],
            [
              -100.096657,
              18.978183
            ],
            [
              -100.096556,
              18.97862
            ],
            [
              -100.095521,
              18.979862
            ],
            [
              -100.096394,
              18.980525
            ],
            [
              -100.097439,
              18.982025
            ],
            [
              -100.097391,
              18.982609
            ],
            [
              -100.097111,
              18.983243
            ],
            [
              -100.096908,
              18.983801
            ],
            [
              -100.096955,
              18.984332
            ],
            [
              -100.097132,
              18.984775
            ],
            [
              -100.097669,
              18.985356
            ],
            [
              -100.097749,
              18.985972
            ],
            [
              -100.097638,
              18.987461
            ],
            [
              -100.097225,
              18.988481
            ],
            [
              -100.097206,
              18.988689
            ],
            [
              -100.09732,
              18.988811
            ],
            [
              -100.097852,
              18.989273
            ],
            [
              -100.09794,
              18.989571
            ],
            [
              -100.098091,
              18.989978
            ],
            [
              -100.097938,
              18.990136
            ],
            [
              -100.097201,
              18.990161
            ],
            [
              -100.096857,
              18.990435
            ],
            [
              -100.096613,
              18.99027
            ],
            [
              -100.096532,
              18.9902
            ],
            [
              -100.096144,
              18.990102
            ],
            [
              -100.095704,
              18.98973
            ],
            [
              -100.095275,
              18.989283
            ],
            [
              -100.094978,
              18.988952
            ],
            [
              -100.09474,
              18.988675
            ],
            [
              -100.094524,
              18.988505
            ],
            [
              -100.09443,
              18.988464
            ],
            [
              -100.09378,
              18.988316
            ],
            [
              -100.092989,
              18.988158
            ],
            [
              -100.092876,
              18.988128
            ],
            [
              -100.090894,
              18.988387
            ],
            [
              -100.090425,
              18.98852
            ],
            [
              -100.089812,
              18.988598
            ],
            [
              -100.089231,
              18.988564
            ],
            [
              -100.088824,
              18.988521
            ],
            [
              -100.08857,
              18.988452
            ],
            [
              -100.087185,
              18.987921
            ],
            [
              -100.086579,
              18.987358
            ],
            [
              -100.085327,
              18.98616
            ],
            [
              -100.084209,
              18.98502
            ],
            [
              -100.083405,
              18.984125
            ],
            [
              -100.082187,
              18.982694
            ],
            [
              -100.08111,
              18.98156
            ],
            [
              -100.079988,
              18.980371
            ],
            [
              -100.07813,
              18.978695
            ],
            [
              -100.076528,
              18.977396
            ],
            [
              -100.074425,
              18.975613
            ],
            [
              -100.075221,
              18.974892
            ],
            [
              -100.075576,
              18.974623
            ],
            [
              -100.076057,
              18.974392
            ],
            [
              -100.076402,
              18.974429
            ],
            [
              -100.076559,
              18.974317
            ],
            [
              -100.076762,
              18.974144
            ],
            [
              -100.078024,
              18.973595
            ],
            [
              -100.078123,
              18.973384
            ],
            [
              -100.078029,
              18.972682
            ],
            [
              -100.078006,
              18.972376
            ],
            [
              -100.078442,
              18.971495
            ],
            [
              -100.079065,
              18.970873
            ],
            [
              -100.079012,
              18.970741
            ],
            [
              -100.079003,
              18.970531
            ],
            [
              -100.079027,
              18.970232
            ],
            [
              -100.078947,
              18.970033
            ],
            [
              -100.0785,
              18.969526
            ],
            [
              -100.079363,
              18.968675
            ],
            [
              -100.079545,
              18.968528
            ],
            [
              -100.079668,
              18.96836
            ],
            [
              -100.079805,
              18.968139
            ],
            [
              -100.080224,
              18.967613
            ],
            [
              -100.080453,
              18.967508
            ],
            [
              -100.081381,
              18.967459
            ],
            [
              -100.081843,
              18.967429
            ],
            [
              -100.082163,
              18.967313
            ],
            [
              -100.082424,
              18.967148
            ],
            [
              -100.082488,
              18.967064
            ],
            [
              -100.082638,
              18.966884
            ],
            [
              -100.083056,
              18.966197
            ],
            [
              -100.084262,
              18.964096
            ],
            [
              -100.084114,
              18.962449
            ],
            [
              -100.084841,
              18.960913
            ],
            [
              -100.084153,
              18.957939
            ],
            [
              -100.084127,
              18.957685
            ],
            [
              -100.08418,
              18.957441
            ],
            [
              -100.084322,
              18.957276
            ],
            [
              -100.084615,
              18.957164
            ],
            [
              -100.084899,
              18.957131
            ],
            [
              -100.085269,
              18.957101
            ],
            [
              -100.085896,
              18.957058
            ],
            [
              -100.086381,
              18.957098
            ],
            [
              -100.086847,
              18.957197
            ],
            [
              -100.087216,
              18.957187
            ],
            [
              -100.087494,
              18.957041
            ],
            [
              -100.087682,
              18.956863
            ],
            [
              -100.088008,
              18.956556
            ],
            [
              -100.088315,
              18.95621
            ],
            [
              -100.088606,
              18.95614
            ],
            [
              -100.088827,
              18.956167
            ],
            [
              -100.089058,
              18.956299
            ],
            [
              -100.089279,
              18.956497
            ],
            [
              -100.0895,
              18.956688
            ],
            [
              -100.089721,
              18.956807
            ],
            [
              -100.089628,
              18.956965
            ],
            [
              -100.089588,
              18.957447
            ],
            [
              -100.089516,
              18.957877
            ],
            [
              -100.089775,
              18.95805
            ],
            [
              -100.090046,
              18.958295
            ],
            [
              -100.090157,
              18.958693
            ],
            [
              -100.090072,
              18.958909
            ],
            [
              -100.090116,
              18.959042
            ],
            [
              -100.090074,
              18.959299
            ],
            [
              -100.089841,
              18.959833
            ],
            [
              -100.089886,
              18.960212
            ],
            [
              -100.089974,
              18.960365
            ],
            [
              -100.089856,
              18.96055
            ],
            [
              -100.089664,
              18.960879
            ],
            [
              -100.089791,
              18.961307
            ],
            [
              -100.091121,
              18.961168
            ],
            [
              -100.091737,
              18.961503
            ],
            [
              -100.09183,
              18.961779
            ],
            [
              -100.091188,
              18.963094
            ],
            [
              -100.090474,
              18.963934
            ],
            [
              -100.090346,
              18.964489
            ],
            [
              -100.090296,
              18.965027
            ],
            [
              -100.091545,
              18.967953
            ],
            [
              -100.091876,
              18.968807
            ],
            [
              -100.092219,
              18.969442
            ],
            [
              -100.092212,
              18.969829
            ],
            [
              -100.092695,
              18.97049
            ],
            [
              -100.092862,
              18.970467
            ]
          ]
        ]
      }
    },
    {
      "type": "Feature",
      "properties": {
        "nombre": "ACAMUCHITLAN",
        "area_ha": 4.4,
        "vertices": 25,
        "localidad_fuente": "Acamuchitlán",
        "poblacion_total": 189,
        "pct_total_municipal": 0.2,
        "fuente_poblacion": "PDM Tejupilco 2025-2027, Cuadro 26 (Censo INEGI 2020)",
        "capa": "localidades",
        "estado_evidencia": "geometria_derivada_fuente_primaria_pendiente"
      },
      "geometry": {
        "type": "Polygon",
        "coordinates": [
          [
            [
              -100.267525,
              18.837172
            ],
            [
              -100.26732,
              18.83718
            ],
            [
              -100.267012,
              18.837126
            ],
            [
              -100.266777,
              18.837
            ],
            [
              -100.266652,
              18.836868
            ],
            [
              -100.266603,
              18.836931
            ],
            [
              -100.266217,
              18.836902
            ],
            [
              -100.265958,
              18.83672
            ],
            [
              -100.26592,
              18.836432
            ],
            [
              -100.265994,
              18.836055
            ],
            [
              -100.266149,
              18.835689
            ],
            [
              -100.266409,
              18.835475
            ],
            [
              -100.266754,
              18.835429
            ],
            [
              -100.26814,
              18.836209
            ],
            [
              -100.268963,
              18.836514
            ],
            [
              -100.269189,
              18.836491
            ],
            [
              -100.26961,
              18.836498
            ],
            [
              -100.27,
              18.836651
            ],
            [
              -100.270085,
              18.836845
            ],
            [
              -100.269515,
              18.836832
            ],
            [
              -100.269098,
              18.836864
            ],
            [
              -100.268434,
              18.837036
            ],
            [
              -100.268349,
              18.837276
            ],
            [
              -100.267659,
              18.837119
            ],
            [
              -100.267525,
              18.837172
            ]
          ]
        ]
      }
    },
    {
      "type": "Feature",
      "properties": {
        "nombre": "BEJUCOS",
        "area_ha": 116.9,
        "vertices": 126,
        "localidad_fuente": "Bejucos",
        "poblacion_total": 2437,
        "pct_total_municipal": 3.1,
        "fuente_poblacion": "PDM Tejupilco 2025-2027, Cuadro 26 (Censo INEGI 2020)",
        "capa": "localidades",
        "estado_evidencia": "geometria_derivada_fuente_primaria_pendiente"
      },
      "geometry": {
        "type": "Polygon",
        "coordinates": [
          [
            [
              -100.428233,
              18.774463
            ],
            [
              -100.428763,
              18.774416
            ],
            [
              -100.429298,
              18.774391
            ],
            [
              -100.429939,
              18.774389
            ],
            [
              -100.430402,
              18.774396
            ],
            [
              -100.430873,
              18.774364
            ],
            [
              -100.430727,
              18.774748
            ],
            [
              -100.430686,
              18.774924
            ],
            [
              -100.43097,
              18.775001
            ],
            [
              -100.431254,
              18.775078
            ],
            [
              -100.431928,
              18.77526
            ],
            [
              -100.432167,
              18.775531
            ],
            [
              -100.432358,
              18.775749
            ],
            [
              -100.432394,
              18.775903
            ],
            [
              -100.432446,
              18.776124
            ],
            [
              -100.4325,
              18.776354
            ],
            [
              -100.432492,
              18.776531
            ],
            [
              -100.43248,
              18.77678
            ],
            [
              -100.432462,
              18.777178
            ],
            [
              -100.432207,
              18.777448
            ],
            [
              -100.431833,
              18.778042
            ],
            [
              -100.431545,
              18.77875
            ],
            [
              -100.431217,
              18.77942
            ],
            [
              -100.430934,
              18.78009
            ],
            [
              -100.430612,
              18.780803
            ],
            [
              -100.430019,
              18.782448
            ],
            [
              -100.42984,
              18.783035
            ],
            [
              -100.429671,
              18.783728
            ],
            [
              -100.429654,
              18.783798
            ],
            [
              -100.429434,
              18.785152
            ],
            [
              -100.42936,
              18.785319
            ],
            [
              -100.429262,
              18.785546
            ],
            [
              -100.428708,
              18.785446
            ],
            [
              -100.428286,
              18.785744
            ],
            [
              -100.427843,
              18.786442
            ],
            [
              -100.427584,
              18.786541
            ],
            [
              -100.42742,
              18.786469
            ],
            [
              -100.427083,
              18.786389
            ],
            [
              -100.426846,
              18.786056
            ],
            [
              -100.426652,
              18.786056
            ],
            [
              -100.426156,
              18.786493
            ],
            [
              -100.425841,
              18.786578
            ],
            [
              -100.42562,
              18.786415
            ],
            [
              -100.425623,
              18.786167
            ],
            [
              -100.425769,
              18.785957
            ],
            [
              -100.425763,
              18.78585
            ],
            [
              -100.425816,
              18.785673
            ],
            [
              -100.4258,
              18.785514
            ],
            [
              -100.425303,
              18.785631
            ],
            [
              -100.424854,
              18.7856
            ],
            [
              -100.425019,
              18.785273
            ],
            [
              -100.424622,
              18.785349
            ],
            [
              -100.424444,
              18.785336
            ],
            [
              -100.424365,
              18.784906
            ],
            [
              -100.423935,
              18.784917
            ],
            [
              -100.423141,
              18.784548
            ],
            [
              -100.422411,
              18.784552
            ],
            [
              -100.421222,
              18.784713
            ],
            [
              -100.42075,
              18.784396
            ],
            [
              -100.420879,
              18.784118
            ],
            [
              -100.421217,
              18.783586
            ],
            [
              -100.421601,
              18.783114
            ],
            [
              -100.422441,
              18.781559
            ],
            [
              -100.42204,
              18.780673
            ],
            [
              -100.42143,
              18.780582
            ],
            [
              -100.421571,
              18.780089
            ],
            [
              -100.421554,
              18.779426
            ],
            [
              -100.421834,
              18.778735
            ],
            [
              -100.422196,
              18.77886
            ],
            [
              -100.422508,
              18.779191
            ],
            [
              -100.422811,
              18.778467
            ],
            [
              -100.423563,
              18.778684
            ],
            [
              -100.424018,
              18.778783
            ],
            [
              -100.424296,
              18.778733
            ],
            [
              -100.424918,
              18.778333
            ],
            [
              -100.424878,
              18.778323
            ],
            [
              -100.424712,
              18.77822
            ],
            [
              -100.424593,
              18.778109
            ],
            [
              -100.42424,
              18.778028
            ],
            [
              -100.424137,
              18.777963
            ],
            [
              -100.424418,
              18.777789
            ],
            [
              -100.42439,
              18.777367
            ],
            [
              -100.423837,
              18.777308
            ],
            [
              -100.423074,
              18.777203
            ],
            [
              -100.423145,
              18.776593
            ],
            [
              -100.423187,
              18.776571
            ],
            [
              -100.423089,
              18.77655
            ],
            [
              -100.42291,
              18.776516
            ],
            [
              -100.422514,
              18.776317
            ],
            [
              -100.422008,
              18.776167
            ],
            [
              -100.421622,
              18.776128
            ],
            [
              -100.421676,
              18.775778
            ],
            [
              -100.421819,
              18.775676
            ],
            [
              -100.421854,
              18.775483
            ],
            [
              -100.42139,
              18.77539
            ],
            [
              -100.421458,
              18.775071
            ],
            [
              -100.421587,
              18.774693
            ],
            [
              -100.421066,
              18.77452
            ],
            [
              -100.420823,
              18.774711
            ],
            [
              -100.420545,
              18.77477
            ],
            [
              -100.420407,
              18.774883
            ],
            [
              -100.420092,
              18.774552
            ],
            [
              -100.420038,
              18.774126
            ],
            [
              -100.420072,
              18.773978
            ],
            [
              -100.42036,
              18.773786
            ],
            [
              -100.420655,
              18.77376
            ],
            [
              -100.421052,
              18.773805
            ],
            [
              -100.421349,
              18.774052
            ],
            [
              -100.421366,
              18.77422
            ],
            [
              -100.421401,
              18.774391
            ],
            [
              -100.421534,
              18.77446
            ],
            [
              -100.421658,
              18.77456
            ],
            [
              -100.421707,
              18.774592
            ],
            [
              -100.421901,
              18.77443
            ],
            [
              -100.422166,
              18.774335
            ],
            [
              -100.422185,
              18.774086
            ],
            [
              -100.422377,
              18.773964
            ],
            [
              -100.422679,
              18.773945
            ],
            [
              -100.424142,
              18.773902
            ],
            [
              -100.424821,
              18.773941
            ],
            [
              -100.426072,
              18.773668
            ],
            [
              -100.426179,
              18.77392
            ],
            [
              -100.426319,
              18.774103
            ],
            [
              -100.426855,
              18.774399
            ],
            [
              -100.427797,
              18.77451
            ],
            [
              -100.428233,
              18.774463
            ]
          ]
        ]
      }
    }
  ],
  "bbox": [
    -100.4325,
    18.773668,
    -100.043907,
    18.990435
  ],
  "pdl_meta": {
    "layer": "localidades",
    "crs": "EPSG:4326",
    "feature_count": 14,
    "evidence_state": "geometria_derivada_fuente_primaria_pendiente",
    "property_whitelist": [
      "nombre",
      "area_ha",
      "vertices",
      "localidad_fuente",
      "poblacion_total",
      "pct_total_municipal",
      "fuente_poblacion",
      "capa",
      "estado_evidencia"
    ],
    "source_sha256": "404FC62CC138DC527565E05DAABA29341A1E207321AF36DC12B99FCE2A046FBA"
  }
}
